playerName,espnId,position
A.J. Brown,4047646,WR
A.J. Derby,3046413,TE
A.J. Feeley,2704,QB
A.J. Green,13983,WR
A.J. Jenkins,14947,WR
A.J. Ouellette,3126072,RB
A.J. Richardson,3124369,WR
A.J. Rose,4035068,RB
A.T. Perry,4362019,WR
Aaron Anderson,4691138,WR
Aaron Brown,12635,RB
Aaron Burbridge,2979533,WR
Aaron Corp,15183,QB
Aaron Dobson,15834,WR
Aaron Dykes,4367325,RB
Aaron Fuller,4039000,WR
Aaron Hernandez,13230,TE
Aaron Jones Sr.,3042519,RB
Aaron Mellette,15947,WR
Aaron Murray,17021,QB
Aaron Parker,4032749,WR
Aaron Pettrey,13632,K
Aaron Ripkowski,2577467,RB
Aaron Rodgers,8439,QB
Aaron Shampklin,4248068,RB
Abram Smith,4241224,RB
Aca'Cedric Ware,3912551,RB
Ace Sanders,16022,WR
Adam Choice,3122842,RB
Adam Humphries,2576491,WR
Adam Nissley,15143,TE
Adam Prentice,3929914,RB
Adam Randall,4685526,RB
Adam Shaheen,4198676,TE
Adam Thielen,16460,WR
Adam Trautman,3911853,TE
Adam Vinatieri,1097,K
Adi Kunalic,14752,K
Adonai Mitchell,4597500,WR
Adonis Jennings,3123935,WR
Adonis Thomas,15598,RB
Adrian Arrington,11471,WR
Adrian Killins,4042112,RB
Adrian Martinez,4361182,QB
Adrian Peterson,10452,RB
Adrien Robinson,14905,TE
Ahmad Bradshaw,10693,RB
Ahmad Wagner,3935018,WR
Ahmani Marshall,4432374,RB
Ahmard Hall,10188,RB
Ahmarean Brown,4426800,WR
Aidan O'Connell,4260394,QB
Aidan Robbins,4430404,RB
Ainias Smith,4428532,WR
AJ Barner,4576297,TE
AJ Dillon,4239934,RB
AJ Henning,4429053,WR
AJ McCarron,16810,QB
Ajou Ajou,4429207,WR
Akeem Hunt,2576408,RB
Akrum Wadley,3040146,RB
Alan Bonner,16003,WR
Alan Cross,2586700,TE
Albert Okwuegbunam Jr.,4035115,TE
Albert Wilson,17051,WR
Albert Young,11940,RB
Aldrick Robinson,14164,WR
Aldrick Rosas,3068939,K
Alec Bloom,3125891,TE
Alec Holler,4362421,TE
Alec Ingold,3917668,RB
Alec Lemon,16503,WR
Alec Pierce,4360078,WR
Aleva Hifo,4046668,WR
Alex Armah,4212884,RB
Alex Bachman,3919510,WR
Alex Barnes,3886636,RB
Alex Bayer,17110,TE
Alex Bullock,4872477,WR
Alex Collins,3046409,RB
Alex Debniak,16453,RB
Alex Ellis,2577731,TE
Alex Erickson,2977800,WR
Alex Gottlieb,15480,TE
Alex Gray,4227184,TE
Alex Green,14055,RB
Alex Hale,4361831,K
Alex Henery,14123,K
Alex Kessman,4046164,K
Alex McGough,3128843,QB
Alex Quevedo,5125287,K
Alex Smith,8416,QB
Alex Tanney,15693,QB
Alex Tecza,5081526,RB
Alex Wesley,3121110,WR
Alexander Hollins,4249496,WR
Alexander Mattison,4048244,RB
Alfonso Smith,13642,RB
Alfonzo Graham,4892333,RB
Alfred Blue,16921,RB
Alfred Morris,15009,RB
Alge Crumpler,2583,TE
Algernon Brown,2513199,RB
Alize Mack,3932433,TE
Allen Hurns,17177,WR
Allen Lazard,3128390,WR
Allen Reisner,14433,TE
Allen Robinson,16799,WR
Alonzo Harris,2574010,RB
Alonzo Russell,2980238,WR
Alshon Jeffery,14912,WR
Alvin Kamara,3054850,RB
Amar Johnson,4878878,RB
Amara Darboh,2977629,WR
Amari Cooper,2976499,WR
Amari Rodgers,4239992,WR
Amba Etta-Tawo,2976215,WR
Ameer Abdullah,2576336,RB
Amon-Ra St. Brown,4374302,WR
Anders Carlson,4242519,K
Anderson Castle,4612558,RB
Andre Baccellia,3886809,WR
Andre Brown,12490,RB
Andre Davis,3575,WR
Andre Debose,2447736,WR
Andre Ellington,15893,RB
Andre Hardy,14872,TE
Andre Holmes,14403,WR
Andre Jerome Caldwell,11331,WR
Andre Johnson,4461,WR
Andre Levrone,3048682,WR
Andre Lindsey,4028212,WR
Andre Patton,3047504,WR
Andre Phillip Smith,14308,TE
Andre Roberts,13226,WR
Andre Szmyt,4258620,K
Andre Williams,16889,RB
Andre' Anderson,13930,RB
Andrei Iosivas,4368003,WR
Andrew Armstrong,5093923,WR
Andrew Beck,3125107,RB
Andrew Franks,3893609,K
Andrew Furney,17492,K
Andrew Hawkins,13958,WR
Andrew Luck,14874,QB
Andrew Mevis,4247574,K
Andrew Parchment,4039468,WR
Andrew Peasley,4361607,QB
Andrew Quarless,13440,TE
Andrew Szczerba,15331,TE
Andrew Vollert,4032479,TE
Andy Borregales,4569923,K
Andy Cruse,16553,WR
Andy Dalton,14012,QB
Andy Fantuz,13951,WR
Andy Isabella,3914328,WR
Andy Janovich,2974317,RB
Andy Jones,2982761,WR
Andy Tanner,13872,WR
Angelo Pease,16098,RB
Anquan Boldin,4512,WR
Anthony Allen,14212,RB
Anthony Armstrong,11946,WR
Anthony Becht,2158,TE
Anthony Brown Jr.,4035312,QB
Anthony Dable,3966261,WR
Anthony Denham,17392,TE
Anthony Fasano,9639,TE
Anthony Firkser,3049698,TE
Anthony Gonzalez,10476,WR
Anthony Gordon,4055171,QB
Anthony Gould,4429684,WR
Anthony Hankerson,4685385,RB
Anthony Hill,12541,TE
Anthony Johnson,4049301,WR
Anthony Jones,3914305,RB
Anthony Landphere,4430022,TE
Anthony Manzo-Lewis,3935107,RB
Anthony McCoy,13414,TE
Anthony McFarland Jr.,4241941,RB
Anthony Miller,3050487,WR
Anthony Ratliff-Williams,3895828,WR
Anthony Richardson Sr.,4429084,QB
Anthony Schwartz,4371986,WR
Anthony Sherman,14135,RB
Anthony Smith,4685110,WR
Anthony Torres,4362248,TE
Anthony Turner,5033305,WR
Anthony Tyus III,4709392,RB
Antoine Green,4373266,WR
Antoine Wesley,4043161,WR
Antone Smith,13158,RB
Antonio Andrews,17105,RB
Antonio Brown,13934,WR
Antonio Callaway,3915097,WR
Antonio Gandy-Golden,4029893,TE
Antonio Gates,5362,TE
Antonio Gibson,4360294,RB
Antonio Nunn,4049294,WR
Antonio Robinson,13518,WR
Antonio Williams,5081432,WR
Antony Auclair,4081127,TE
Antwaan Randle El,3590,WR
Antwan Goodley,2512996,WR
Antwane Wells Jr.,4696062,WR
ArDarius Stewart,3054860,WR
Arian Foster,12497,RB
Arian Smith,4429105,WR
Armando Allen,14358,RB
Armani Rogers,4056052,TE
Armanti Edwards,13275,WR
Armon Binns,14223,WR
Armond Smith,14761,RB
Arnaz Battle,4655,WR
Aron Cruickshank,4361556,WR
Arrelious Benn,13218,WR
Artavis Pierce,4042808,RB
Artavis Scott,3122839,WR
Artayvious Lynn,4038556,TE
Arthur Lynch,16844,TE
Asante Cleveland,17125,TE
Ashton Dulin,4061956,WR
Ashton Jeanty,4890973,RB
Athan Kaliakmanis,4432722,QB
Auden Tate,3921564,WR
Audric Estime,4569682,RB
Aundrae Allison,10589,WR
Austin Allen,4240787,TE
Austin Aune,4360163,QB
Austin Carr,2974339,WR
Austin Collie,12561,WR
Austin Davis,15187,QB
Austin Duke,3050138,WR
Austin Ekeler,3068267,RB
Austin Fort,3125402,TE
Austin Hooper,3043275,TE
Austin Johnson,15765,RB
Austin Jones,4569330,RB
Austin MacGinnis,3053774,K
Austin Mack,4040623,WR
Austin Pettis,14035,WR
Austin Proehl,3116680,WR
Austin Reed,4368343,QB
Austin Roberts,3134314,TE
Austin Seferian-Jenkins,16795,TE
Austin Seibert,3821683,K
Austin Signor,15783,K
Austin Stogner,4426367,TE
Austin Sylvester,14449,RB
Austin Trammell,4244856,WR
Austin Traylor,2576449,TE
Austin Walter,3123857,RB
Austin Watkins Jr.,4363409,WR
Austin Wells,15483,TE
Avery Davis,4258586,WR
Avery Williams,4048259,RB
Ayir Asante,4571801,WR
B.J. Baylor,4255988,RB
B.J. Coleman,15018,QB
B.J. Cunningham,15037,WR
B.J. Daniels,15899,WR
B.T. Potter,4360317,K
Bailey Gaither,3921681,WR
Bailey Zappe,4250360,QB
Baker Mayfield,3052587,QB
Bam Knight,4427728,RB
Barika Kpeenu,4879256,RB
Barion Brown,4698597,WR
Baron Batch,14065,RB
Bauer Sharp,4890373,TE
Baylor Cupp,4426364,TE
Beanie Wells,12525,RB
Bear Pascoe,12548,TE
Beau Brinkley,15355,TE
Beau Sandland,3039705,TE
Beaux Collins,4431210,WR
Behren Morton,4431465,QB
Ben Beise,5066227,TE
Ben Braunecker,2969241,TE
Ben Bryant,4360056,QB
Ben Cotton,16053,TE
Ben DiNucci,3895785,QB
Ben Ellefson,3930900,TE
Ben Guidugli,14631,RB
Ben Hartsock,5593,TE
Ben Johnson,3039970,TE
Ben Koyack,2579846,TE
Ben Mason,4258190,RB
Ben Obomanu,9835,WR
Ben Patrick,10658,TE
Ben Patterson,5346736,WR
Ben Roethlisberger,5536,QB
Ben Sauls,4566158,K
Ben Sims,4373030,TE
Ben Sinnott,4690923,TE
Ben Skowronek,4035656,WR
Ben Tate,13210,RB
Ben VanSumeren,4372070,RB
Ben Watson,5557,TE
Ben Wooldridge,4373895,QB
Ben Yurosek,4433959,TE
BenJarvus Green-Ellis,11754,RB
Bennie Fowler,16995,WR
Benny Cunningham,16055,RB
Benny LeMay,4045702,RB
Benny Snell Jr.,4035072,RB
Bernard Berrian,5603,WR
Bernard Pierce,14891,RB
Bernard Reedy,17032,WR
Bernard Scott,12724,RB
Bernhard Seikovits,4832523,TE
Bhayshul Tuten,4882093,RB
Bijan Robinson,4430807,RB
Bilal Powell,14129,RB
Billy Bajema,8663,TE
Billy Brown,3957543,TE
Billy Cundiff,4245,K
Billy Latsko,10914,RB
Billy Volek,2440,QB
Binjimen Victor,4040628,WR
Bishop Sankey,16794,RB
Bisi Johnson,3917067,WR
BJ Emmons,4040967,RB
Blaine Gabbert,13987,QB
Blair Walsh,15058,K
Blair White,13776,WR
Blake Annen,16964,TE
Blake Bell,2514206,TE
Blake Bortles,16724,QB
Blake Corum,4429096,RB
Blake Grupe,4259619,K
Blake Haubeil,4242006,K
Blake Jackson,2975813,WR
Blake Jarwin,2991767,TE
Blake Mack,3123714,TE
Blake Proehl,4239406,WR
Blake Watson,4361604,RB
Blake Whiteheart,4362018,TE
Blayne Taylor,5083552,WR
Bo Melton,4259305,WR
Bo Nix,4426338,QB
Bo Scaife,8593,TE
Bo Scarbrough,3126367,RB
Bobby Holly,4040419,RB
Bobby Rainey Jr.,15501,RB
Bobo Wilson,3045380,WR
Boobie Dixon,13212,RB
Boston Scott,3051439,RB
Brad Cottam,11310,TE
Brad Herman,15472,TE
Brad Kaaya,3123048,QB
Brad Smelley,15055,TE
Brad Smith,9689,WR
Brad Sorensen,16015,QB
Braden Wilson,15970,RB
Bradie Ewing,15050,RB
Bradley Marquez,2577645,WR
Bradley Sowell,15284,TE
Brady Boyd,4594319,WR
Brady Cook,4429435,QB
Brady Quinn,10466,QB
Brady Russell,4243176,RB
Braedon Bowman,3125253,TE
Braelon Allen,4685247,RB
Bralon Addison,2971271,WR
Branden Mack,4044123,WR
Branden Oliver,17452,RB
Brandin Cooks,16731,WR
Brandon Aiyuk,4360438,WR
Brandon Allen,2574511,QB
Brandon Aubrey,3953687,K
Brandon Banks,4780,WR
Brandon Barden,15195,TE
Brandon Barnes,3059165,TE
Brandon Bogotay,15776,K
Brandon Bolden,15478,RB
Brandon Bostick,15688,TE
Brandon Carswell,15289,WR
Brandon Coleman,17127,WR
Brandon Coutu,11469,K
Brandon Dillon,4411192,TE
Brandon Doughty,2517676,QB
Brandon Frazier,4689090,TE
Brandon Gibson,12567,WR
Brandon Hayes,4606713,WR
Brandon Jackson,10507,RB
Brandon Jacobs,8524,RB
Brandon James,13747,WR
Brandon Johnson,4035198,WR
Brandon LaFell,12576,WR
Brandon Lewis,4401043,WR
Brandon Lloyd,4582,WR
Brandon London,10799,WR
Brandon Manumaleuna,2678,TE
Brandon Marshall,9705,WR
Brandon McManus,16339,K
Brandon Minor,13517,RB
Brandon Myers,12705,TE
Brandon Peters,4036262,QB
Brandon Pettigrew,12549,TE
Brandon Polk,3929652,WR
Brandon Powell,3115255,WR
Brandon Radcliff,2970183,RB
Brandon Reilly,2974328,WR
Brandon Rideau,9362,WR
Brandon Saine,14587,RB
Brandon Shippen,2976250,WR
Brandon Silvers,3042565,QB
Brandon Smith,4240577,WR
Brandon Stokley,1858,WR
Brandon Tate,12597,WR
Brandon Venson,15584,TE
Brandon Weeden,14878,QB
Brandon Wegher,2465679,RB
Brandon Wilds,2577692,RB
Brandon Williams,16313,TE
Brandon Wright,3917558,K
Brandon Zylstra,4294520,WR
Brashard Smith,4596602,RB
Braxton Berrios,3123075,WR
Braxton Burmeister,4242490,QB
Braxton Miller,2570987,WR
Braxton Westfield,4028745,WR
Brayden Lenius,4457600,TE
Brayden Narveson,4361765,K
Brayden Willis,4360290,TE
Braydon Johnson,4241407,WR
Braylon Edwards,8418,WR
Braylon Sanders,4259908,WR
Breece Hall,4427366,RB
Brelan Chancellor,16977,WR
Brendan Langley,3043144,WR
Brenden Bates,4362603,TE
Brenden Knox,4261912,RB
Brenden Rice,4686781,WR
Brenen Thompson,4685553,WR
Brennan Eagles,4362107,WR
Brennan Presley,4431342,WR
Brent Celek,10605,TE
Brenton Bersin,15547,WR
Brenton Strange,4430539,TE
Breshad Perriman,2972460,WR
Brett Brackett,14542,TE
Brett Gabbert,4427243,QB
Brett Hundley,2577189,QB
Brett Maher,16486,K
Brett Ratliff,11068,QB
Brett Rypien,3722362,QB
Brett Swain,11451,WR
Brett Swenson,13770,K
Brevin Easton,5083515,WR
Brevin Jordan,4362504,TE
Brevyn Spann-Ford,4360967,TE
Brian Brohm,11290,QB
Brian Brown,3049891,WR
Brian Burt,4246250,WR
Brian Clark,9901,WR
Brian Cobbs,4372041,WR
Brian Finneran,2048,WR
Brian Gaither,17757,QB
Brian Hartline,12568,WR
Brian Hernandez,15404,WR
Brian Herrien,4035005,RB
Brian Hill,3125403,RB
Brian Hoyer,12477,QB
Brian Jennings,2361,TE
Brian Johnson,4046184,K
Brian Leonard,10496,RB
Brian Leonhardt,16265,TE
Brian Lewerke,3929824,QB
Brian Parker,2508328,TE
Brian Quick,14914,WR
Brian Robinson Jr.,4241474,RB
Brian Robiskie,12592,WR
Brian St. Pierre,4621,QB
Brian Thomas Jr.,4432773,WR
Brian Tyms,15252,WR
Brian Vogler,2512214,TE
Brian Walker,5144169,TE
Brian Westbrook,3619,RB
Brice Butler,15896,WR
Briley Moore,4030915,TE
Brit Miller,12897,RB
Britain Covey,3926231,WR
British Brooks,4373273,RB
Britt Davis,12969,WR
Brittain Brown,4036032,RB
Brittan Golden,15564,WR
Broc Rutter,4608177,QB
Brock Bolen,12763,RB
Brock Bowers,4432665,TE
Brock Lampe,4875767,RB
Brock Osweiler,14879,QB
Brock Purdy,4361741,QB
Brock Rechsteiner,4877738,WR
Brock Wright,4242392,TE
Brodie Croyle,9671,QB
Brody Eldridge,13359,TE
Brogan Roback,3059773,QB
Bronson Hill,2574474,RB
Bronson Kaufusi,2980444,TE
Bronson Rechsteiner,4029859,RB
Brooks Foster,12566,WR
Bruce Anderson,3930901,RB
Bruce Ellington,16946,WR
Bruce Figgins,15603,TE
Bruce Gradkowski,9780,QB
Bruce Hall,11756,RB
Bruce Miller,14083,RB
Bruno Labelle,4037485,TE
Bryan Bennett,2516976,QB
Bryan Edwards,4038818,WR
Bryan Thompson,4243261,WR
Bryan Walters,13662,WR
Bryant Johnson,4475,WR
Bryant Koback,4240781,RB
Bryant Mitchell,3050661,WR
Bryce Bobo,3052102,WR
Bryce Brown,15092,RB
Bryce Ford-Wheaton,4362227,WR
Bryce Lance,4879276,WR
Bryce Love,3931398,RB
Bryce Oliver,4362617,WR
Bryce Perkins,3675812,QB
Bryce Petty,2466005,QB
Bryce Pierre,5082648,TE
Bryce Treggs,2978219,WR
Bryce Williams,2981998,TE
Bryce Young,4685720,QB
Brycen Hopkins,3918003,TE
Brycen Tremayne,4360763,WR
Bryn Renner,17033,QB
Bryson Green,4432705,WR
Bryson Nesbit,4602969,TE
Bub Means,4427985,WR
Bucky Hodges,3045466,TE
Bucky Irving,4596448,RB
Bud Sasser,2514129,WR
Buddy Howell,3122716,RB
Bug Howard,3039720,TE
Byron Leftwich,4465,QB
Byron Marshall,2971289,RB
Byron Pringle,4036416,WR
C.J. Akins,16316,WR
C.J. Anderson,16040,RB
C.J. Beathard,2979520,QB
C.J. Board,2973626,WR
C.J. Conrad,3915230,TE
C.J. Duncan,3051751,WR
C.J. Fiedorowicz,16766,TE
C.J. Ham,4012556,RB
C.J. Johnson,4567458,WR
C.J. Prosise,2980148,RB
C.J. Saunders,4040627,WR
C.J. Spiller,13203,RB
C.J. Stroud,4432577,QB
C.J. Uzomah,2574576,TE
Cade Brewer,4262205,TE
Cade Johnson,4031033,WR
Cade Klubnik,4685413,QB
Cade McDonald,4569507,WR
Cade Otton,4243331,TE
Cade Stover,4426496,TE
Cade York,4428963,K
Caden Davis,4570688,K
Caden Prieskorn,4687509,TE
Cadillac Williams,8420,RB
Cairo Santos,17427,K
Caleb Douglas,4869645,WR
Caleb Huntley,4244732,RB
Caleb Jeffrey Hanie,11540,QB
Caleb King,14852,RB
Caleb Lohner,4432208,TE
Caleb Repp,3912574,TE
Caleb Scott,3122167,WR
Caleb Shudak,4036146,K
Caleb Sturgis,15918,K
Caleb TerBush,16536,QB
Caleb Williams,4431611,QB
Caleb Wilson,3932936,TE
Calvin Austin III,4243389,WR
Calvin Jackson,4373470,WR
Calvin Johnson,10447,WR
Calvin Ridley,3925357,WR
Calvin Tyler Jr.,4255990,RB
Cam Akers,4240021,RB
Cam Camper,5081322,WR
Cam Grandy,4700712,TE
Cam Johnson,4362794,WR
Cam Little,4686361,K
Cam Miller,4693331,QB
Cam Newton,13994,QB
Cam Phillips,3124079,WR
Cam Serigne,3039793,TE
Cam Sims,3115314,WR
Cam Skattebo,4696981,RB
Cam Sutton,4373904,TE
Cam Ward,4688380,QB
Camden Brown,4808759,WR
Cameron Artis-Payne,3043097,RB
Cameron Batson,3139456,WR
Cameron Brate,17453,TE
Cameron Dicker,4362081,K
Cameron Dorner,5295981,WR
Cameron Latu,4372026,TE
Cameron Meredith,2520698,WR
Cameron Morrah,12545,TE
Cameron Ross,4569001,WR
Cameron Scarlett,3931401,RB
Camerun Peoples,4360765,RB
Camren McDonald,4363045,TE
Cardale Jones,2976299,QB
Carey Spear,17041,K
Carl Tucker,3895833,RB
Carlos Brown,13540,RB
Carlos Henderson,3040561,WR
Carlos Hyde,16777,RB
Carlos Washington Jr.,4248425,RB
Carlton Agudosi,2982809,WR
Carlton Daniels,5398542,WR
Carlton Mitchell,13222,WR
Carnell Tate,4871023,WR
Carsen Ryan,4685540,TE
Carson Beck,4430841,QB
Carson Meier,3116384,TE
Carson Palmer,4459,QB
Carson Steele,4714365,RB
Carson Strong,4361435,QB
Carson Towt,4702120,TE
Carson Wentz,2573079,QB
Carson Wiggs,15427,K
Carson Williams,4067445,TE
Carter Bradley,4362260,QB
Carter Runyon,5155825,TE
Cary Angeline,4035703,TE
Case Cookus,3913822,QB
Case Keenum,15168,QB
Casey Bauman,4365616,QB
Casey Washington,4428796,WR
Cash Jones,4881826,RB
Cashion Jones,5398009,RB
Caullin Lacy,4430185,WR
Cayleb Jones,2971719,WR
Caz Piurowski,13950,TE
Cecil Shorts III,14184,WR
Cedric Benson,8419,RB
Cedric Byrd II,4363639,WR
Cedric Peerman,12519,RB
Cedric Tillman,4369863,WR
Cedrick Wilson,2718,WR
CeeDee Lamb,4241389,WR
Cephus Johnson III,4249400,WR
Cethan Carter,3040470,TE
Chad Beebe,3047968,WR
Chad Bumphis,16369,WR
Chad Hall,13188,WR
Chad Hansen,3066074,WR
Chad Henne,11291,QB
Chad Jackson,9622,WR
Chad Johnson,2584,WR
Chad Kelly,2977665,QB
Chad Ryland,4363538,K
Chad Simpson,11654,RB
Chad Williams,3066052,WR
Chamon Metayer,4431461,TE
Chandler Brayboy,4573243,WR
Chandler Catanzaro,16976,K
Chandler Cox,3843217,RB
Chandler Harnish,15007,QB
Chandler Morris,4692530,QB
Chandler Williams,10676,WR
Changa Hodge,4051829,WR
Chansi Stuckey,10678,WR
Charcandrick West,17284,RB
Charles Ali,10967,RB
Charles Clay,14145,TE
Charles Hawkins,16602,WR
Charles Holland,4069839,WR
Charles Johnson,15885,WR
Charles Jones,3126263,TE
Charles Kanoff,3050022,QB
Charles Scarff,3127376,TE
Charles Scott,13450,RB
Charles Sims,16749,RB
Charleston Rambo,4241397,WR
Charlie Batch,1490,QB
Charlie Jones,4257188,WR
Charlie Kolar,4241263,TE
Charlie Smyth,5208518,K
Charlie Taumoepeau,3910630,TE
Charlie Whitehurst,9667,QB
Charlie Woerner,4035020,TE
Charly Martin,12813,WR
Charone Peake,2576498,WR
Chase Allen,4035526,TE
Chase Brown,4362238,RB
Chase Claypool,4046692,WR
Chase Coffman,12536,TE
Chase Cota,4367186,WR
Chase Curtis,4695223,TE
Chase Daniel,12471,QB
Chase Edmonds,3119195,RB
Chase Ford,15647,TE
Chase Garbers,4242408,QB
Chase Harrell,3880416,TE
Chase Litton,3931782,QB
Chase McLaughlin,3150744,K
Chase Reynolds,14820,RB
Chase Roberts,4714388,WR
Chastin West,13775,WR
Chauncey Washington,11447,RB
Chaz Schilens,11460,WR
Chester Rogers,2983209,WR
Chester Taylor,3784,RB
Chevan Cordeiro,4373934,QB
Cheyenne O'Grady,4035593,TE
Chig Okonkwo,4360635,TE
Chimere Dike,4431268,WR
Chip Trayanum,4430893,RB
Chris Baker,3616,TE
Chris Bell,4869961,WR
Chris Blair,4369886,WR
Chris Blewitt,3045141,K
Chris Boswell,17372,K
Chris Brazzell II,5091739,WR
Chris Briggs,2575435,WR
Chris Brooks,3149687,RB
Chris Carson,3919596,RB
Chris Carter,13949,WR
Chris Chambers,2600,WR
Chris Coleman,4242991,WR
Chris Collier,4698191,RB
Chris Conley,2578533,WR
Chris Cooley,5606,TE
Chris Denton,16056,WR
Chris Evans,4046530,RB
Chris Finke,3932429,WR
Chris Freeman,4577793,K
Chris Givens,15078,WR
Chris Godwin Jr.,3116165,WR
Chris Gragg,15940,TE
Chris Greisen,1992,QB
Chris Gronkowski,13574,RB
Chris Harper,16007,WR
Chris Henry,10494,RB
Chris Herndon,3123050,TE
Chris Hilton Jr.,4431334,WR
Chris Hogan,14402,WR
Chris Ivory,13587,RB
Chris Jennings,13166,RB
Chris Johnson,11258,RB
Chris Koepplin,14485,K
Chris Lacy,3122430,WR
Chris Manhertz,2531358,TE
Chris Matthews,14285,WR
Chris Moore,2576581,WR
Chris Myarick,3138744,TE
Chris Naggar,4241822,K
Chris Ogbonnaya,12517,RB
Chris Oladokun,4044111,QB
Chris Olave,4361370,WR
Chris Owusu,15230,WR
Chris Pantale,16210,TE
Chris Pierce Jr.,4242661,WR
Chris Polk,14889,RB
Chris Pressley,12930,RB
Chris Rainey,14896,RB
Chris Redman,2206,QB
Chris Rodriguez Jr.,4362619,RB
Chris Rowland,4052137,WR
Chris Smith,4363104,RB
Chris Streveler,3040206,QB
Chris Taylor,2767,RB
Chris Thompson,15966,RB
Chris Tyree,4430804,WR
Chris Warren,3929855,RB
Chris Williams,12934,WR
Christian Blake,3126002,WR
Christian Hackenberg,3057986,QB
Christian Kirk,3895856,WR
Christian McCaffrey,3117251,RB
Christian Ponder,13966,QB
Christian Scotland-Williamson,4338875,TE
Christian Sims,4428501,TE
Christian Trahan,4360199,TE
Christian Wade,4420894,RB
Christian Watson,4248528,WR
Christian Williams,5398555,WR
Christine Michael,15855,RB
Christopher Dunn,4361665,K
Christopher Ezeala,4339834,RB
Christopher Hilton,5397393,WR
Chuba Hubbard,4241416,RB
Chuck Jacobs,16462,WR
Chuck McClelland,4360057,RB
Cierre Wood,16496,RB
CJ Brewer,9882,WR
CJ Daniels,4605951,WR
CJ Dippre,4596545,TE
CJ Donaldson,5081999,RB
CJ Marable,4036485,RB
CJ Verdell,4242492,RB
CJ Williams,5085024,WR
CJ Worton,4361074,WR
Clark Harris,10686,TE
Clay Harbor,13376,TE
Clayton Hatfield,3139465,K
Clayton Thorson,3116144,QB
Clayton Tune,4360175,QB
Clayton Wilson,3957316,TE
Cleo Lemon,5051,QB
Clint Ratkovich,4031140,RB
Clint Stitser,13194,K
Clinton Portis,3579,RB
Clive Walford,2512593,TE
Clyde Edwards-Helaire,4242214,RB
Clyde Gates,14209,WR
Cobi Hamilton,15983,WR
Coby Fleener,14900,TE
Codey McElroy,3951441,TE
Cody Chrest,4031087,WR
Cody Core,2980378,WR
Cody Hardy,5086529,TE
Cody Hollister,3115443,WR
Cody Johnson,15298,RB
Cody Kessler,2577243,QB
Cody Latimer,16793,WR
Cody Parkey,17082,K
Cody Schrader,4391845,RB
Cody Thompson,3126115,WR
Cody White,4241983,WR
Colbie Young,5092508,WR
Colby Cameron,16426,QB
Colby Parkinson,4242557,TE
Colby Suits,4365325,QB
Cole Beasley,15349,WR
Cole Burgess,5192448,WR
Cole Fotheringham,4361008,TE
Cole Hedlund,3128692,K
Cole Herdman,3116195,TE
Cole Hikutini,2968204,TE
Cole Hunt,3047912,TE
Cole Kelley,4035584,QB
Cole Kmet,4258595,TE
Cole McDonald,4038220,QB
Cole Murphy,3124007,K
Cole Payton,4879250,QB
Cole Turner,4361438,TE
Cole Wick,2982151,TE
Coleman Bennett,4694074,RB
Coleman Owen,4578436,WR
Colin Cloherty,12965,TE
Colin Cochart,14658,TE
Colin Granger,4585598,TE
Colin Kaepernick,14001,QB
Colin Thompson,2980120,TE
Collin Franklin,14480,TE
Collin Hill,4036357,QB
Collin Johnson,4039043,WR
Collin Klein,16085,QB
Collin Mooney,15130,RB
Collin Schlee,4428439,QB
Colson Yankoff,4361088,TE
Colston Loveland,4723086,TE
Colt Brennan,11420,QB
Colt McCoy,13199,QB
Colton Dowell,4250945,WR
Conner Vernon,16248,WR
Connor Barth,11737,K
Connor Bazelak,4426444,QB
Connor Cook,2576261,QB
Connor Davis,2968282,TE
Connor Hamlett,2517011,TE
Connor Heyward,4241961,RB
Connor Hughes,9986,K
Connor Hulstein,4893748,TE
Connor Jessop,2979695,QB
Connor Shaw,17247,QB
Connor Slomka,4036949,RB
Connor Wedington,4242545,WR
Cooper Helfet,15670,TE
Cooper Kupp,2977187,WR
Cooper Rush,2972515,QB
Cordarrelle Patterson,15807,RB
Corey Brown,17399,WR
Corey Clement,3045260,RB
Corey Coleman,2978929,WR
Corey Crooms Jr.,4429479,WR
Corey Davis,3042778,WR
Corey Fuller,16014,WR
Corey Grant,2515934,RB
Corey Kiner,4431431,RB
Corey Knox,2574386,RB
Corey McIntyre,4140,RB
Corey Rucker,4433901,WR
Corey Sutton,4036418,WR
Corey Taylor,4039669,RB
Corey Washington,17279,WR
Corey Willis,3044711,WR
Cornelius Ingram,12542,TE
Cornelius Johnson,4426479,WR
Cornell Powell,4035465,WR
Correll Buckhalter,2670,RB
Cortez Braham Jr.,5081997,WR
Cortrelle Simpson,3923415,WR
Cory Harkey,15226,RB
Courtland Sutton,3128429,WR
Courtney Gardner,16065,WR
Courtney Jackson,4565172,WR
Courtney Roby,8482,WR
Craig Davis,10474,WR
Craig Reynolds,4421446,RB
Craig Stevens,11319,TE
Crockett Gillmore,16775,TE
Cullen Gillaspia,3122143,RB
Curenski Gilleylen,15590,WR
Curtis Brinkley,12764,RB
Curtis Hodges,4242896,TE
Curtis McNeal,16093,RB
Curtis Painter,12479,QB
Curtis Samuel,3121427,WR
Cyril Grayson Jr.,4217370,WR
Cyrus Allen,4912218,WR
Cyrus Gray,14897,RB
Cyrus Holder,4032644,WR
D.C. Jefferson,15890,TE
D.J. Foster,2978124,RB
D.J. Hall,11810,WR
D.J. Montgomery,4249030,WR
D.J. Tialavea,17269,TE
D.J. Ware,10768,RB
D.J. Williams,4567216,RB
D.J. Woods,15217,WR
D'Andre Goodwin,14393,WR
D'Andre Swift,4259545,RB
D'Eriq King,4039300,QB
D'Ernest Johnson,3139602,RB
D'Onta Foreman,3125116,RB
D'vonte Price,4244651,RB
Da'Mari Scott,3056577,WR
Da'Quan Felton,4575348,WR
Da'Rel Scott,14087,RB
Da'Rick Rogers,16159,WR
Da'Ron Brown,2513351,WR
Dae'Quan Wright,4838696,TE
DaeSean Hamilton,3057987,WR
Daewood Davis,4242505,WR
Dai'Jean Dixon,4250864,WR
Daijun Edwards,4429610,RB
Dak Prescott,2577417,QB
Dale Moss,15255,WR
Dalen Cambre,4570296,WR
Dalevon Campbell,4569372,WR
Dallas Clark,4482,TE
Dallas Daniels,4694694,WR
Dallas Goedert,3121023,TE
Dallen Bentley,5159802,TE
Dallin Holker,4373634,TE
Dalton Keene,4240861,TE
Dalton Kincaid,4385690,TE
Dalton Schoen,3916124,WR
Dalton Schultz,3117256,TE
Dalton Williams,16482,QB
Dalvin Cook,3116593,RB
Dalyn Dawkins,3052449,RB
Damarea Crockett,4035102,RB
Damaris Johnson,15624,WR
DaMarkus Lodge,3930064,WR
Dameon Pierce,4360238,RB
Damian Copeland,17131,WR
Damian Williams,13219,WR
Damien Alford,4605489,WR
Damien Berry,14520,RB
Damien Harris,3925347,RB
Damien Martinez,4808830,RB
Damien Williams,17359,RB
Damiere Byrd,2577667,WR
Damion Jeanpiere,3929698,WR
Damion Ratley,3895857,WR
Damion Willis,4241723,WR
Damola Adeniji,13846,WR
Damon Bankston,4876378,RB
Damon Hazelton,4047728,WR
Damon Sheehy-Guiseppi,4420843,WR
Damore'ea Stringfellow,3052182,WR
Damoun Patterson,3125383,WR
Dan Arnold,4212989,TE
Dan Bailey,14322,K
Dan Carpenter,11688,K
Dan Chisena,3929637,WR
Dan Gronkowski,12539,TE
Dan LeFevour,13202,QB
Dan Moore,16344,RB
Dan Orlovsky,8559,QB
Dan Villari,4608858,TE
Danario Alexander,13935,WR
Dane Key,4685424,WR
Dane Sanzenbacher,14304,WR
Daniel Arias,4360644,WR
Daniel Bellinger,4361516,TE
Daniel Braverman,2973052,WR
Daniel Brown,2519013,TE
Daniel Carlson,3051909,K
Daniel Coats,10935,TE
Daniel Crawford,3921960,TE
Daniel Fells,10287,TE
Daniel Graham,3549,TE
Daniel Hardy,14121,TE
Daniel Helm,3115359,TE
Daniel Herron,15041,RB
Daniel Jackson,4430875,WR
Daniel Jones,3917792,QB
Daniel Lasco,2576873,RB
Daniel Marx,3117250,RB
Daniel Sobkowicz,4878293,WR
Daniel Thomas,14056,RB
Daniel Villari,5398547,TE
Daniel Williams,3060347,WR
Danny Amendola,11674,WR
Danny Coale,15034,WR
Danny Davis,4242330,WR
Danny Etling,3052450,QB
Danny Gray,4689546,WR
Danny Hrapmann,15674,K
Danny Noble,15416,TE
Danny Vitale,2974365,RB
Danny Woodhead,11788,RB
Dante Miller,4367510,RB
Dante Pettis,3127306,WR
Dante Rosario,10598,TE
Dare Ogunbowale,2983509,RB
Darece Roberson,4812371,WR
Dareke Young,4401805,WR
Darion Clark,2982484,TE
Darius Anderson,4038533,RB
Darius Bradwell,4040640,RB
Darius Clark,4071979,RB
Darius Cooper,4715355,WR
Darius Davis,2527492,WR
Darius Hagans,4584500,RB
Darius Hanks,15320,WR
Darius Jackson,2980197,RB
Darius Jennings,2577808,WR
Darius Johnson,16196,WR
Darius Lassiter,5083198,WR
Darius Powe,2978216,WR
Darius Prince,4378381,WR
Darius Reynaud,11933,RB
Darius Slayton,3916945,WR
Darius Victor,3049987,RB
Darius Williams,9392,TE
Darnell Holland,3911993,RB
Darnell Jenkins,11827,WR
Darnell Mooney,4040655,WR
Darnell Washington,4430802,TE
Darrel Williams,3115375,RB
Darrel Young,13097,RB
Darrell Daniels,3052166,TE
Darrell Henderson Jr.,4039359,RB
Darrell Stewart Jr.,3929831,WR
Darren Andrews,3047553,WR
Darren Carrington,3052098,WR
Darren Evans,14685,RB
Darren Fells,15773,TE
Darren McFadden,11238,RB
Darren Sproles,8544,RB
Darren Waller,2576925,TE
Darrin Hall,3895788,RB
Darrin Reaves,17397,RB
Darrius Heyward-Bey,12570,WR
Darrius Shepherd,3120588,WR
Darrynton Evans,4036431,RB
Darvin Adams,14759,WR
Darvin Kidsy,3051650,WR
Darwin Thompson,4361606,RB
Daryl Richardson,15111,RB
Daunte Culpepper,1762,QB
Daurice Fountain,3120659,WR
Davante Adams,16800,WR
Dave Rayner,8616,K
David Akers,1716,K
David Alexander Gettis,13367,WR
David Anderson,9837,WR
David Ausberry,14102,TE
David Bell,4570409,WR
David Blough,3116188,QB
David Buehler,12459,K
David Carr,3529,QB
David Clowney,10600,WR
David Cobb,2576303,RB
David Douglas,15528,WR
David Durden,4370374,WR
David Fales,16821,QB
David Fluellen,16994,RB
David Garrard,3636,QB
David Gilreath,14681,WR
David Grinnage,2970038,TE
David Johnson,2508176,RB
David Martin,2747,TE
David Martin-Robinson,4360978,TE
David Marvin,3059104,K
David Montgomery,4035538,RB
David Moore,4212909,WR
David Morgan,2580052,TE
David Nelson,13621,WR
David Njoku,3123076,TE
David Paulson,15043,TE
David Ralli,2221890,WR
David Reed,13442,WR
David Rolf,16106,TE
David Sills V,3871102,WR
David Thomas,9672,TE
David Wallis,5215032,WR
David Wells,3047536,TE
David White Jr.,5089537,WR
David Williams,3048924,RB
David Wilson,14887,RB
Davion Davis,3933568,WR
Davis Allen,4426553,TE
Davis Cheek,4248286,QB
Davis Koppenhaver,3116573,TE
Davis Mills,4242546,QB
Davis Webb,3052600,QB
Davon Booth,5153650,RB
Davon Drew,12538,TE
Davon Grayson,3059719,WR
Davone Bess,11678,WR
Dawson Knox,3930086,TE
Dax Milne,4373642,WR
Dax Raymond,3932963,TE
Daylen Baldwin,4262900,WR
Dayton Wade,4428763,WR
Dazz Newsome,4240661,WR
De'Angelo Henderson,2968226,RB
De'Anthony Thomas,16945,WR
De'Carlo Donaldson,5398556,RB
De'Lance Turner,3928461,RB
De'Montre Tuggle,4570276,RB
De'Mornay Pierson-El,3121398,WR
De'Quan Hampton,3912558,WR
De'Veon Smith,3045199,RB
De'Von Achane,4429160,RB
De'Zhaun Stribling,4710714,WR
De'Zhaun-Ryan Stribling,5397566,WR
Deamonte Trayanum,5397996,RB
Dean Connors,5082269,RB
Dean Patterson,4875613,WR
DeAndre Carter,2580216,WR
DeAndre Goolsby,3115251,TE
DeAndre Hopkins,15795,WR
DeAndre Smelter,3055912,WR
DeAndre Thompkins,3116182,WR
DeAndre Torrey,4360932,RB
DeAndre Washington,2577654,RB
DeAndrew White,2515962,WR
DeAngelo Hardy,4608171,WR
Deangelo Peterson,15148,TE
DeAngelo Williams,9613,RB
DeAngelo Yancey,3052470,WR
Dede Westbrook,3892889,WR
Dedrick Epps,13360,TE
Dedrick Mills,4037295,RB
Dee Eskridge,4043016,WR
Deebo Samuel Sr.,3126486,WR
DeeJay Dallas,4240631,RB
Deion Branch,3593,WR
Deion Burks,4683151,WR
Deion Hankins,4575667,RB
Deji Karim,13398,RB
Delanie Walker,9761,TE
Delone Carter,14077,RB
DeMarco Murray,14005,RB
DeMarco Sampson,14060,WR
Demarcus Ayers,3040026,WR
Demarcus Robinson,3043116,WR
DeMario Douglas,4427095,WR
Demaryius Thomas,13216,WR
Demeer Blankumsee,4429284,WR
Demetric Felton,4035826,RB
Demetris Robertson,4035851,WR
Demetrius Byrd,12558,WR
Demetrius Harris,16318,TE
Demetrius Williams,9697,WR
DeMichael Harris,4374496,WR
Demond Claiborne,4832846,RB
Denard Robinson,15951,RB
Denarius Moore,14153,WR
Deneric Prince,4372526,RB
Dennis Dixon,11390,QB
Dennis Houston,4572786,WR
Dennis Johnson,16495,RB
Dennis Morris,13425,TE
Dennis Pitta,13231,TE
Denzel Boston,4832800,WR
Denzel Mims,4035403,WR
Deon Anderson,10638,RB
Deon Butler,12557,WR
Deon Cain,3728254,WR
Deon Jackson,4240455,RB
Deon Yelder,3059766,TE
Deontay Burnett,3932935,WR
Deontay Greenberry,2981502,WR
Deonte Harty,4411193,WR
Deonte Thompson,15503,WR
Deontez Alexander,4055563,WR
Derek Anderson,8627,QB
Derek Carr,16757,QB
Derek Carrier,15403,TE
Derek Dimke,15477,K
Derek Hagan,9668,WR
Derek Moye,15329,WR
Derek Schouman,10665,TE
Derek Slywka,5209094,WR
Derek Watt,2576450,RB
Derek Wright,4569995,WR
Derius Davis,4362477,WR
Derrick Coleman,15351,RB
Derrick Deese Jr.,4374147,TE
Derrick Dillon,3843469,WR
Derrick Gore,3925346,RB
Derrick Henry,3043078,RB
Derrick Jones,2185222,WR
Derrick Ward,5760,RB
Derrick Williams,12602,WR
Derrick Willies,3040137,WR
Derrius Guice,3843750,RB
DeSean Jackson,11283,WR
Deshaun Fenwick,4362841,RB
Deshaun Watson,3122840,QB
DeShawn Wynn,10671,RB
DeShon Williams,3145312,TE
DeShone Kizer,3129302,QB
Desmond Clark,1932,TE
Desmond Reid,5089535,RB
Desmond Ridder,4239086,QB
Detrez Newsome,3117131,RB
Deuce Vaughn,4431453,RB
Devante Mays,3918026,RB
DeVante Parker,2576623,WR
Devaughn Vele,4569559,WR
Deven Thompkins,4374187,WR
Devery Henderson,5575,WR
DeVier Posey,14969,WR
Devin Aguilar,15184,WR
Devin Aromashodu,9819,WR
Devin Asiasi,4046522,TE
Devin Carter,4361679,WR
Devin Culp,4361112,TE
Devin Duvernay,4039050,WR
Devin Funchess,2977609,TE
Devin Gray,4037481,WR
Devin Hester,9643,WR
Devin Leary,4361653,QB
Devin Lewis Fuller,2971574,WR
Devin Lucien,2577190,WR
Devin Moore,12515,RB
Devin Neal,4682652,RB
Devin Phelps,3910265,WR
Devin Ross,3052122,WR
Devin Singletary,4040761,RB
Devin Smith,2576395,WR
Devin Street,16815,WR
Devin Thomas,11268,WR
Devine Ozigbo,3699935,RB
Devine Redding,3128267,RB
Devlin Hodges,3127051,QB
Devon Allen,3052083,WR
Devon Cajuste,2577123,TE
Devon Garrison,4703367,TE
Devon Johnson,2979206,RB
Devon Williams,4374298,WR
Devon Wylie,14923,WR
Devonta Freeman,16944,RB
DeVonta Smith,4241478,WR
Devontae Booker,3122866,RB
Devontae Jackson,4422215,RB
Devonte Boyd,3125315,WR
DeVonte Dedmon,3120878,WR
Devonte Ross,4709678,WR
Devontez Walker,4696882,WR
DeVontres Dukes,4044104,WR
Devron Harper,4573845,WR
Devwah Whaley,4035600,RB
DeWayne McBride,4430388,RB
Dexter Jackson,11292,WR
Dexter McCluster,13207,RB
Dexter Williams,3932449,RB
Dez Bryant,13215,WR
Dez Fitzpatrick,4036026,WR
Dez Stewart,4002656,WR
Dezmin Lewis,2567965,WR
Dezmon Briscoe,13227,WR
Dezmon Patmon,4054085,WR
DiAndre Campbell,2509475,WR
Diego Pavia,5084180,QB
Dillon Bell,4712579,WR
Dillon Gabriel,4427238,QB
Dillon Gordon,2976546,TE
Dillon Johnson,4689338,RB
Dillon Mitchell,4038938,WR
Dillon Stoner,4038460,WR
Dimitri Nance,13619,RB
Dimitri Stanley,4360649,WR
Dion Lewis,14198,RB
Dion Sims,15974,TE
Diontae Johnson,3932905,WR
Diontae Spencer,17463,WR
DJ Chark,3115394,WR
DJ Giddens,4874509,RB
DJ Herman,4685116,RB
DJ Moore,3915416,WR
DJ Rogers,4710711,TE
DJ Thomas-Jones,4690170,TE
DJ Turner,4036211,WR
DJ Uiagalelei,4429020,QB
DK Kaufman,4565535,RB
DK Metcalf,4047650,WR
Dohnte Meyers,4384852,WR
Dom Williams,2578446,WR
Dom Wood-Anderson,4369840,TE
Domenik Hixon,9716,WR
Dominic Lovett,4596439,WR
Dominic Rhodes,2893,RB
Dominic Richardson,4430689,RB
Dominic Zvada,5082424,K
Dominik Eberle,3932960,K
Dominique Byrd,9679,TE
Dominique Curry,13806,TE
Dominique Dafney,4036129,TE
Dominique Davis,15162,QB
Dominique Edison,12565,WR
Dominique Jones,15383,TE
Dominique Whaley,16118,RB
Dominique Zeigler,11107,WR
Don Jackson,3042945,RB
Donald Brown,12489,RB
Donald Driver,1966,WR
Donald Jones,13597,WR
Donald Lee,4614,TE
Donald Parham Jr.,3912092,TE
Donaven McCulley,4596347,WR
Donavon Kemp,15303,WR
Donnel Pumphrey,3047519,RB
Donnie Avery,11267,WR
Donnie Ernsberger,3129455,TE
Donnie Mcmillan,5398628,RB
Donovan Edwards,4431536,RB
Donovan McNabb,1753,QB
Donovan Peoples-Jones,4258195,WR
Dont'e Thornton Jr.,4432775,WR
Dontae Fleming,4565297,WR
Dontae McMillan,4427971,RB
Dontae Strickland,3916451,RB
Dontario Drummond,4567240,WR
Dontavia Bogan,14366,WR
Dontay Demus Jr.,4372039,WR
Dontayvion Wicks,4428850,WR
Dontayvious Sheffield,5397995,WR
Donte Foster,17062,WR
Donte Moncrief,16791,WR
Donte Sylencieux,4842342,WR
Donte' Stallworth,3541,WR
Donteea Dye,3894952,WR
Dontez Byrd,3056691,WR
Dontez Ford,2970410,WR
Dontrell Hilliard,3126246,RB
Dontrelle Inman,14269,WR
Dorial Green-Beckham,2971433,WR
Dorian Baker,3126325,WR
Dorian Graham,15531,WR
Dorian Singer,4711055,WR
Dorian Thompson-Robinson,4367178,QB
Dorin Dickerson,13353,TE
Dorren Miller,4260053,WR
Dorson Boyce,14224,RB
Doug Baldwin,14221,WR
Doug Martin,14885,RB
Drake Dabney,4429466,TE
Drake Dunsmore,14996,TE
Drake London,4426502,WR
Drake Maye,4431452,QB
Drake Stoops,4360282,WR
Dre Miller,4071091,WR
Dreamius Smith,2577239,RB
Dredrick Snelson,4044148,WR
Dres Anderson,2514542,WR
Dresser Winn,4250970,QB
Drew Allar,4714771,QB
Drew Anderson,4040826,QB
Drew Belcher,3120540,TE
Drew Biber,4683174,TE
Drew Brees,2580,QB
Drew Davis,14478,WR
Drew Estrada,4030947,WR
Drew Lock,3924327,QB
Drew Morgan,3046438,WR
Drew Ogletree,4722908,TE
Drew Plitt,4039210,QB
Drew Sample,3127310,TE
Drew Smith,16228,RB
Drew Stanton,10487,QB
Drew Stevens,5081335,K
Drew Willy,12486,QB
Dri Archer,16755,RB
DT Sheffield,5153056,WR
Duane Bennett,15736,RB
Duece Watts,4685037,WR
DuJuan Harris,14255,RB
Duke Calhoun,13545,WR
Duke Johnson,2969962,RB
Duke Williams,3115315,WR
Durham Smythe,3052897,TE
Duron Carter,2447781,WR
Dustin Crum,4244068,QB
Dustin Hopkins,15965,K
Dustin Keller,11264,TE
Dustin Vaughan,17337,QB
Dwayne Allen,14901,TE
Dwayne Bowe,10467,WR
Dwayne Harris,14100,WR
Dwayne Haskins,4040616,QB
Dwayne Jarrett,10489,WR
Dwayne Washington,3002265,RB
Dyami Brown,4361577,WR
Dylan Cantrell,3052576,TE
Dylan Drummond,4363551,WR
Dylan Laube,4366963,RB
Dylan Leonard,4574777,TE
Dylan Parham,4036164,TE
Dylan Sampson,5081397,RB
Dylan Soehner,4035559,TE
Dylan Stapleton,4366655,TE
Dylan Thompson,2516344,QB
Dymere Miller,4775266,WR
E.J. Bibbs,3039924,TE
E.J. Jenkins,4248557,TE
E.J. Perry,4239936,QB
E.J. Williams Jr.,4686093,WR
Earl Bennett,11304,WR
Early Doucet,11315,WR
Earnest Edwards,4034320,WR
Earnest Graham,4950,RB
Easop Winston Jr.,4245174,WR
Easton Stick,3120590,QB
Ed Dickson,13272,TE
Ed Eagan,2974590,WR
Ed Gant,13134,WR
Ed Lee,4248503,WR
Eddie Lacy,15848,RB
Eddie Royal,11276,WR
Eddie Wide,14669,RB
Eddie Williams,12554,RB
Eddy Carmona,15635,K
Eddy Pineiro,4034949,K
Edwin Baker,14892,RB
Efton Chism III,4695193,WR
EJ Horton Jr.,4608533,WR
EJ Manuel,15803,QB
EJ Smith,4430825,RB
Eldra Buckley,10980,RB
Eli Heidenreich,5081508,RB
Eli Manning,5526,QB
Eli Pancol,4430288,WR
Eli Raridon,4831959,TE
Eli Rogers,2576643,WR
Eli Stove,4035500,WR
Eli Stowers,4431574,TE
Eli Wilson,4431134,TE
Eli Wolf,3915400,TE
Elic Ayomanor,4883647,WR
Elijah Arroyo,4678006,TE
Elijah Collins,4382470,RB
Elijah Cooks,4241588,WR
Elijah Dotson,4248909,RB
Elijah Higgins,4426844,TE
Elijah Holyfield,4035006,RB
Elijah Hood,3116690,RB
Elijah McGuire,3042494,RB
Elijah Mitchell,4241555,RB
Elijah Moore,4372414,WR
Elijah Sarratt,5088338,WR
Elijah Tau-Tolliver,4876311,RB
Elijah Wellman,3042434,RB
Elijah Young,4433945,RB
Elijhaa Penny,2575965,RB
Elijhah Badger,4429184,WR
Elliott Fry,3048898,K
Ellis Merriweather,4685016,RB
Ellis Richardson,3926590,TE
Emani Bailey,4565761,RB
Emanuel Byrd,3931761,TE
Emanuel Hall,3924318,WR
Emanuel Wilson,4887558,RB
Emari Demercado,4362478,RB
Emeka Egbuka,4567750,WR
Emeka Emezie,5113502,WR
Emil Igwenagu,15600,TE
Emmanuel Arceneaux,13954,WR
Emmanuel Butler,3119471,WR
Emmanuel Henderson Jr.,4685381,WR
Emmanuel Sanders,13295,WR
Emmett Johnson,4832955,RB
Emmitt James Smith,5398550,RB
Emory Jones,4360230,QB
Eni Falayi,4683571,TE
Eno Benjamin,4242873,RB
Equanimeous St. Brown,3932442,WR
Eric Decker,13271,WR
Eric Dungey,3916447,QB
Eric Ebron,16732,TE
Eric Gray,4570561,RB
Eric Lair,15425,TE
Eric Page,15385,WR
Eric Rivers,5398002,WR
Eric Rogers,16480,WR
Eric Saubert,2975863,TE
Eric Tomlinson,2511973,TE
Eric Wallace,2326150,TE
Eric Ward,17277,WR
Eric Weems,10770,WR
Erick All Jr.,4427834,TE
Erik Ezukanma,4362186,WR
Erik Krommenhoek,4259649,TE
Erik Lora,17075,WR
Erik Lorig,13407,RB
Erik Swoope,17091,TE
Ernest Wilford,5645,TE
Eron Riley,13112,WR
Ervin Philips,3123996,WR
Ethan Conner,5151528,TE
Ethan Fernea,4062711,WR
Ethan Garbers,4429068,QB
Ethan Wolf,3115360,TE
Evan Baylis,2971280,TE
Evan Engram,3051876,TE
Evan Hull,4569609,RB
Evan McPherson,4360234,K
Evan Moore,11870,TE
Evan Rodriguez,15000,TE
Evan Royster,14105,RB
Evan Spencer,2576396,WR
Evan Svoboda,5082633,TE
Ezekiel Elliott,3051392,RB
Ezell Ruffin,2514461,WR
Fabrizio Scaccia,13946,K
Farrod Green,3930097,TE
Feleipe Franks,4034948,TE
Felix Harper,4051442,QB
Felix Jones,11256,RB
Felton Davis III,3929817,WR
Felton Huggins,9985,WR
Fendi Onobun,13431,TE
Fernando Mendoza,4837248,QB
Fitzgerald Toussaint,17465,RB
Floyd Allen,3920560,WR
Foster Moreau,3843945,TE
Fozzy Whittaker,15755,RB
Francis Owusu,3043278,WR
Frank Darby,4047836,WR
Frank Gore Jr.,4429805,RB
Frank Summers,12733,RB
Frankie Hammond,16260,WR
Fred Brown,2971397,WR
Fred Davis,11282,TE
Fred Jackson,10195,RB
Fred Ross,3044857,WR
Fred Trevillion,3139923,WR
Freddie Brown,12637,WR
Freddie Martino,17205,WR
Freddie Stevenson,3045375,RB
Freddie Swain,4034950,WR
Fui Vakapuna,12743,RB
G.J. Kinne,15299,QB
Gabe Brkic,4360260,K
Gabe Davis,4243537,WR
Gabe Holmes,2468368,TE
Gabe Miller,14068,TE
Gabe Nabers,4035611,RB
Gabriel Benyard,4876752,WR
Gabriel Plascencia,5155087,K
Gage Larvadain,4877203,WR
Gannon Sinclair,3048976,TE
Gardner Minshew II,4038524,QB
Garett Maag,4370883,WR
Garrett Celek,15204,TE
Garrett Dickerson,3116132,TE
Garrett Gilbert,16809,QB
Garrett Graham,13371,TE
Garrett Grayson,2575660,QB
Garrett Greene,4429847,QB
Garrett Griffin,2987440,TE
Garrett Groshek,4035767,RB
Garrett Hartley,11543,K
Garrett Hudson,3074230,TE
Garrett Johnson,3126329,WR
Garrett Lindholm,13607,K
Garrett Mills,9692,TE
Garrett Nussmeier,4567747,QB
Garrett Walston,4037532,TE
Garrett Wilson,4569618,WR
Garrett Wolfe,10537,RB
Gartrell Johnson,12507,RB
Gary Barnidge,11364,TE
Gary Brightwell,4245645,RB
Gary Jennings,3916071,WR
Gary Russell,10715,RB
Gavin Bartholomew,4708049,TE
Gavin Escobar,15836,TE
Gavin Hardison,4575668,QB
Gavin Holmes,4259174,WR
Gee Scott Jr.,4429115,TE
Gehrig Dieter,2980460,WR
Geno Smith,15864,QB
Geoff Swaim,3046704,TE
Geor'Quarius Spivey,4362892,TE
George Aston,3136308,RB
George Atkinson III,17396,RB
George Campbell,3692942,WR
George Farmer,2570993,RB
George Holani,4429835,RB
George Kittle,3040151,TE
George Pickens,4426354,WR
George Winn,16488,RB
Gerald Christian,2512192,TE
Gerald Everett,3918639,TE
Gerald Holmes,3052624,RB
Gerell Robinson,15214,WR
Geremy Davis,2513030,WR
Germie Bernard,4685261,WR
Geronimo Allison,3115913,WR
Gerrid Doaks,4037478,RB
Gerrit Prince,4374361,TE
Gijon Robinson,10965,TE
Giles Jackson,4427569,WR
Giorgio Tavecchio,15245,K
Giovani Bernard,15826,RB
Giovanni Ricci,3916749,TE
Glenn Gronkowski,2977698,RB
Glenn Winston,2310051,RB
Godwin Igwebuike,3045238,RB
Golden Tate,13217,WR
Graham Adomitis,4031226,TE
Graham Gano,12460,K
Graham Harrell,12475,QB
Graham Mertz,4426335,QB
Graig Cooper,14237,RB
Grant Calcaterra,4241374,TE
Grant DuBose,4879650,WR
Grant Finley,5393270,RB
Grayson Gunter,4035573,TE
Greg Bell,4361159,RB
Greg Camarillo,9495,WR
Greg Childs,15083,WR
Greg Desrosiers Jr.,4691889,RB
Greg Dortch,4037235,WR
Greg Dulcich,4367209,TE
Greg Estandia,10363,TE
Greg Jenkins,16520,WR
Greg Jennings,9638,WR
Greg Jones,5580,RB
Greg Joseph,3975763,K
Greg Lewis,5412,WR
Greg Little,14024,WR
Greg Mathews,13515,WR
Greg McElroy,14101,QB
Greg Olsen,10475,TE
Greg Orton,12589,WR
Greg Salas,14106,WR
Greg Scruggs,15120,TE
Greg Ward,3040035,WR
Greg Zuerlein,14993,K
Griff Whalen,15360,WR
Griffin Hebert,4239691,TE
Gunnar Helm,4686728,TE
Gunnar Oakes,4244834,TE
Gunner Olszewski,4424106,WR
Gus Edwards,3051926,RB
Gus Johnson,2568174,RB
Hakeem Butler,3917940,WR
Hakeem Nicks,12586,WR
Hakeem Valles,2567213,TE
Hal Presley III,4879189,WR
Hale Hentges,3925348,TE
Hamze El-Zayat,4247578,WR
Hank Baskett,9859,WR
Hank Beatty,4814930,WR
Harold Fannin Jr.,5083076,TE
Harold Hoskins,17173,TE
Harrison Bryant,4040774,TE
Harrison Butker,3055899,K
Harrison Mevis,4574716,K
Harrison Wallace,5392988,WR
Harry Douglas,11318,WR
Harvey Unga,13916,RB
Hassan Hall,4360805,RB
Hassan Haskins,4372071,RB
Havard Rugland,15779,K
Hayden Hatten,4571762,WR
Hayden Hurst,3924365,TE
Hayden Large,5150662,TE
Hayden Rucci,4428396,TE
Hayden Smith,14871,TE
Haynes King,4428993,QB
Heath Miller,8444,TE
Heinrich Haarberg,4683263,TE
Hendon Hooker,4240858,QB
Henry Hynoski,14608,RB
Henry Josey,17010,RB
Henry Krieger-Coble,3144999,TE
Henry Litwin,5056465,WR
Henry Pearson,4360794,TE
Henry Poggi,3045201,RB
Henry Ruggs III,4241475,WR
Herb Donaldson,12494,RB
Herschel Walker,6480,RB
Hollywood Brown,4241372,WR
Holton Ahlers,4360131,QB
Hunter Bryant,4243318,TE
Hunter Cantwell,12468,QB
Hunter Dekkers,4565358,QB
Hunter Henry,3046439,TE
Hunter Kampmoyer,4038952,TE
Hunter Long,4239944,TE
Hunter Luepke,4383396,RB
Hunter Renfrow,3135321,WR
Hunter Sharp,3125354,WR
Hunter Thedford,3916214,TE
Ian Book,4046678,QB
Ian Bunting,3115981,TE
Ian Johnson,12505,RB
Ian Thomas,4045305,TE
Ian Wheeler,4579554,RB
Ife Adeyi,4426528,WR
Ifeanyi Momah,15775,TE
Ihmir Smith-Marsette,4240573,WR
Irv Charles,3929636,WR
Irv Smith Jr.,4040980,TE
Isaac Guerendo,4372561,RB
Isaac Nauta,4035014,TE
Isaac Redman,12898,RB
Isaac Rex,4569951,TE
Isaac TeSlaa,5123663,WR
Isaac Whitney,3894883,WR
Isaac Zico,4260392,WR
Isaiah Bond,4808839,WR
Isaiah Bowser,4361264,RB
Isaiah Burse,16972,WR
Isaiah Coulter,4248504,WR
Isaiah Crowell,17133,RB
Isaiah Davis,4695404,RB
Isaiah Ford,3124069,WR
Isaiah Hodgins,4242540,WR
Isaiah Likely,4361050,TE
Isaiah McKenzie,3128724,WR
Isaiah McKoy,4362352,WR
Isaiah Neyor,4428116,WR
Isaiah Pead,14888,RB
Isaiah Searight,3909346,TE
Isaiah Spiller,4426891,RB
Isaiah Stanback,10547,TE
Isaiah Washington,4574730,WR
Isaiah Weston,4030926,WR
Isaiah Williams,13117,WR
Isaiah Winstead,4247942,WR
Isaiah Wooden,4576845,WR
Isaiah Wright,4044121,WR
Isaiah Zuber,3916129,WR
Ishmael Hyman,3039968,WR
Ishmael Zamora,3128362,WR
Isiah Pacheco,4361529,RB
Israel Abanikanda,4429202,RB
Issac Blakeney,2512449,WR
Ito Smith,3123969,RB
Izaiah Gathings,4365981,WR
J. Michael Sturdivant,4635009,WR
J.C. Copeland,17326,RB
J.D. McKissic,2572861,RB
J.D. Moore,3042728,RB
J.D. Woods,16123,WR
J.J. Arcega-Whiteside,3931397,WR
J.J. Finley,11694,TE
J.J. Jones,4329471,WR
J.J. Koski,3910287,WR
J.J. McCarthy,4433970,QB
J.J. Nelson,2515759,WR
J.J. Taylor,4039607,RB
J.K. Dobbins,4241985,RB
J.P. Foschi,9286,TE
J.P. Holtz,2970262,RB
J.P. Losman,5547,QB
J.T. Barrett,3040507,QB
J.T. O'Sullivan,3745,QB
J'Mar Smith,3914382,QB
J'Mari Taylor,4713118,RB
J'Mon Moore,3051857,WR
Ja'Corey Brooks,4431506,WR
Ja'Kobi Lane,4870847,WR
Ja'Lynn Polk,4430637,WR
Ja'Marcus Bradley,3917569,WR
Ja'Marr Chase,4362628,WR
Ja'Mori Maclin,4430270,WR
Ja'Quan Gardner,4328969,RB
Ja'Quinden Jackson,4690972,RB
Ja'seem Reed,4876995,WR
Ja'Tavion Sanders,4431588,TE
Jaaron Hayek,4429760,WR
Jabar Gaffney,3561,WR
Jabari Small,4432545,RB
Jabin Sambrano,15378,WR
Jacardia Wright,4428943,RB
Jace Amaro,16792,TE
Jace Billingsley,3060950,WR
Jace Sternberger,3917962,TE
Jack Bech,4603186,WR
Jack Coan,4242331,QB
Jack Colletto,4360705,RB
Jack Doyle,16504,TE
Jack Endries,5085189,TE
Jack Heneghan,3118374,QB
Jack Plummer,4361493,QB
Jack Podlesny,4379410,K
Jack Sorenson,4038966,WR
Jack Stoll,4034862,TE
Jack Strand,5344782,QB
Jack Velling,4832827,TE
Jack Westover,4361100,RB
Jackie Battle,11197,RB
Jackson Acker,4431152,RB
Jackson Harris,3728307,TE
Jackson Hawes,4573699,TE
Jackson Meeks,4602788,TE
Jacob Clark,4569535,QB
Jacob Copeland,4360233,WR
Jacob Cowing,4575665,WR
Jacob De Jesus,5155179,WR
Jacob Eason,4035003,QB
Jacob Harris,3932144,WR
Jacob Hester,11303,RB
Jacob Hollister,3125404,TE
Jacob Kibodi,4240911,RB
Jacob Saylors,4383429,RB
Jacob Sirmon,4361091,QB
Jacob Tamme,11373,TE
Jacob Warren,4369864,TE
Jacoby Brissett,2578570,QB
Jacoby Ford,13363,WR
Jacoby Jones,5083297,WR
Jacolby George,4567784,WR
Jacory Croskey-Merritt,4575131,RB
Jacques Patrick,3693033,RB
Jacquizz Rodgers,14193,RB
Jadakis Bonds,4384952,WR
Jadarian Price,4685512,RB
Jaden Bradley,4683111,WR
Jaden Nixon,4683165,RB
Jaden Shirden,4775270,RB
Jaden Smith,4581750,WR
Jadon Haselwood,4426370,WR
Jadon Janke,4368287,WR
Jaeden Graham,3118954,TE
Jaelen Gill,4361351,WR
Jaelen Strong,3043263,WR
Jaelon Acklin,3121616,WR
Jaelon Darden,4243830,WR
Jahad Thomas,3051315,RB
Jahan Dotson,4361409,WR
Jahdae Walker,5160110,WR
Jaheim Bell,4429262,TE
Jahmal Banks,4571935,WR
Jahmyr Gibbs,4429795,RB
Jahvid Best,13205,RB
Jaivon Heiligh,4361029,WR
Jake Ballard,13530,TE
Jake Bargas,3895835,RB
Jake Bates,4689936,K
Jake Bobo,4360405,WR
Jake Breeland,3915136,TE
Jake Briningstool,4431196,TE
Jake Browning,3886812,QB
Jake Burt,3915308,TE
Jake Butt,3045225,TE
Jake Byrne,15426,TE
Jake Delhomme,1693,QB
Jake Dolegala,3921586,QB
Jake Elliott,3050478,K
Jake Ferguson,4242355,TE
Jake Fromm,4240689,QB
Jake Funk,4036224,RB
Jake Haener,4243322,QB
Jake Hausmann,4040617,TE
Jake Herslow,4037433,WR
Jake Kumerow,3085107,WR
Jake Lampman,3057850,WR
Jake Locker,13969,QB
Jake Luton,3124900,QB
Jake McGee,2512657,TE
Jake Moody,4372066,K
Jake Nordin,11142,TE
Jake O'Connell,12710,TE
Jake Powell,3117919,TE
Jake Rogers,14565,K
Jake Rudock,2582424,QB
Jake Stoneburner,16493,TE
Jake Tonges,4259147,TE
Jake Verity,4038570,K
Jake Wieneke,3049054,WR
Jakeem Grant Sr.,2577641,WR
Jakob Johnson,3115349,RB
Jakobi Meyers,3916433,WR
Jakobie Keeney-James,5178972,WR
Jalan McClendon,3116715,QB
Jaleel McLaughlin,4722893,RB
Jaleel Scott,4040792,WR
Jalen Brooks,4692835,WR
Jalen Camp,4037311,WR
Jalen Coker,4695883,WR
Jalen Greene,3120349,WR
Jalen Guyton,3932430,WR
Jalen Hurd,3115328,WR
Jalen Hurts,4040715,QB
Jalen Jackson,4379775,RB
Jalen McCleskey,3919609,WR
Jalen McMillan,4430834,WR
Jalen Milroe,4432734,QB
Jalen Moreno-Cropper,4426990,WR
Jalen Morton,3933408,QB
Jalen Nailor,4382466,WR
Jalen Parmele,11410,RB
Jalen Reagor,4241802,WR
Jalen Richard,2972091,RB
Jalen Royals,5082630,WR
Jalen Sample,4608294,WR
Jalen Saunders,16928,WR
Jalen Simmons,2580343,RB
Jalen Tolbert,4249417,WR
Jalen Tolliver,4329491,WR
Jalen Virgil,4036448,WR
Jalen Walthall,4875788,WR
Jalen Wayne,4249426,WR
Jalen White,4610703,RB
Jalen Wydermyer,4428952,TE
Jalin Conyers,4431044,TE
Jalin Hyatt,4692590,WR
Jalin Marshall,3051400,WR
Jalin Moore,3123675,RB
Jalon Calhoun,4429362,WR
Jalon Daniels,4596472,QB
Jalston Fowler,2515931,RB
Jam Miller,4685477,RB
Jamaal Charles,11307,RB
Jamaal Jones,3045565,WR
Jamaal Pritchett,4892576,WR
Jamaal Williams,2980453,RB
Jamal Agnew,3061612,WR
Jamal Custis,3124013,WR
Jamal Haynes,4611995,RB
Jamal Pettigrew,4035449,TE
Jamar Newsome,14295,WR
Jamari Thrash,4428678,WR
Jamarion Miller,5397416,RB
Jamarius Way,4261077,WR
Jameis Winston,2969939,QB
Jamel Hamler,14397,WR
Jamel Johnson,2517630,WR
James Blackman,4240020,QB
James Butler,3124608,RB
James Casey,12535,TE
James Conner,3045147,RB
James Cook III,4379399,RB
James Davis,12493,RB
James Develin,13940,RB
James Gilbert,3915459,RB
James Hanna,14906,TE
James Hardy,11275,WR
James Jones,10522,WR
James Looney,3039794,TE
James McCluskey,14782,RB
James McCourt,4033806,K
James Mitchell,4361988,TE
James Morgan,3914395,QB
James O'Shaughnessy,2508079,TE
James Proche II,3916204,WR
James Robinson,4052042,RB
James Rodgers,15131,WR
James Starks,13214,RB
James Summers,2970017,RB
James Turner,4575529,K
James Vandenberg,16355,QB
James Washington,3122449,WR
James White,16913,RB
James Wilder Jr.,17289,RB
James Williams,3884368,RB
James Wright,16922,WR
Jameson Geers,4588298,TE
Jameson Konz,13401,TE
Jameson Williams,4426388,WR
Jamie Harper,14188,RB
Jamie McCoy,13610,TE
Jamie Newman,4037213,QB
Jamie Petrowski,10063,TE
Jamire Jordan,3124538,WR
Jamison Crowder,2576716,WR
Jamize Olawale,15653,RB
Jamoi Mayes,4692972,WR
JaMycal Hasty,3928925,RB
Janarion Grant,3047490,WR
JaQuae Jackson,5160748,WR
JaQuan Hardy,4069817,RB
Jaquarii Roberson,4240429,WR
Jaray Jenkins,4362650,WR
Jared Abbrederis,16836,WR
Jared Bernhardt,4911488,WR
Jared Cook,12537,TE
Jared Crank,15579,RB
Jared Goff,3046779,QB
Jared Green,15514,WR
Jared Murphy,3052494,WR
Jared Pinkney,3915772,TE
Jared Rice,3918043,TE
Jared Scott,4240346,WR
Jared Smart,4570219,WR
Jared Wayne,4430681,WR
Jared Wiley,4430723,TE
Jaren Hall,4373632,QB
Jaren Kanak,4877034,TE
Jaret Patterson,4362452,RB
Jarett Dillard,12564,WR
Jarius Wright,14918,WR
Jaron Brown,16172,WR
Jarquez Hunter,4710341,RB
Jarrett Boykin,15358,WR
Jarrett Brown,13682,QB
Jarrett Guarantano,4035167,QB
Jarrett Lee,15583,QB
Jarrett Stidham,3892775,QB
Jarryd Hayne,3423412,RB
Jarveon Howard,4361945,RB
Jarveon Williams,3040644,RB
Jarvion Franklin,3129453,RB
Jarvis Landry,16790,WR
Jase McClellan,4429001,RB
Jashaun Corbin,4372519,RB
Jason Avant,9695,WR
Jason Bean,4360900,QB
Jason Brownlee,4689988,WR
Jason Cabinda,3116158,RB
Jason Campbell,8440,QB
Jason Croom,2972240,TE
Jason Ford,15630,RB
Jason Hanson,286,K
Jason Hill,10520,WR
Jason Huntley,4040790,RB
Jason McKie,4421,RB
Jason Moore,4069806,WR
Jason Myers,2473037,K
Jason Pociask,9736,TE
Jason Reese,3051861,TE
Jason Sanders,3124679,K
Jason Snelling,10687,RB
Jason Vander Laan,3057863,TE
Jason Witten,4527,TE
Jasper Collins,16052,WR
Jauan Jennings,3886598,WR
Javarris James,13748,RB
Javarris Williams,12526,RB
Javian Hawkins,4360802,RB
Javon Baker,4692022,WR
Javon Leake,4241940,RB
Javon McKinley,4046686,WR
Javon Ringer,12520,RB
Javon Wims,4035019,WR
Javone Lawson,16203,WR
JaVonta Payton,4568063,WR
Javonte Williams,4361579,RB
Javontee Herndon,17005,WR
Javorius Allen,2577253,RB
Jawan Jamison,16018,RB
Jawhar Jordan,4429939,RB
Jawill Davis,3066147,WR
Jaxon Janke,4368290,WR
Jaxon Smith-Njigba,4430878,WR
Jaxson Dart,4689114,QB
Jay Ajayi,2573300,RB
Jay Cutler,9597,QB
Jay Feely,2548,K
Jay Finley,14089,RB
Jay Prosch,16875,RB
Jayden Daniels,4426348,QB
Jayden Higgins,4877706,WR
Jayden Reed,4362249,WR
Jaydn Ott,4685489,RB
Jaydon Blue,4685279,RB
Jaydon Mickens,2978308,WR
Jaylen Johnson,4379405,WR
Jaylen Samuels,3116721,RB
Jaylen Smith,3916418,WR
Jaylen Waddle,4372016,WR
Jaylen Warren,4569987,RB
Jaylen Wright,4682745,RB
Jaylin Lane,4602667,WR
Jaylin Noel,4586312,WR
Jaylon Moore,3909416,WR
Jaymar Johnson,11427,WR
Jazz Ferguson,3843603,WR
Je'Quan Burton,4368341,WR
Je'Ron Hamm,17165,TE
Jean Sifrin,3125950,TE
Jed Collins,11517,RB
Jeff Badet,3053760,WR
Jeff Caldwell,4885466,WR
Jeff Cotton,4282647,WR
Jeff Cumberland,13555,TE
Jeff Demps,15749,RB
Jeff Driskel,2574630,QB
Jeff Dugan,5745,TE
Jeff Foreman,4427209,WR
Jeff Fuller,15348,WR
Jeff Garcia,2026,QB
Jeff Heuerman,2576389,TE
Jeff Janis,16960,WR
Jeff King,9741,TE
Jeff Maehl,14590,WR
Jeff Reed,4399,K
Jeff Smith,3929118,WR
Jeff Thomas,4240626,WR
Jeff Tuel,16237,QB
Jeff Weimer,5082601,WR
Jeff Wilson Jr.,3122976,RB
Jeff Wolfert,14741,K
Jehu Chesson,2977631,WR
Jehuu Caulcrick,11745,RB
Jelani Baker,4893659,WR
Jelani Woods,4241410,TE
Jequez Ezzard,4043745,WR
Jerand Bradley,4565184,TE
Jerell Adams,2978727,TE
Jeremiah Franklin,4708354,TE
Jeremiah Hall,4241380,RB
Jeremiah Haydel,4241671,WR
Jeremiah Johnson,12504,RB
Jeremiah Webb,4572655,WR
Jeremiyah Love,4870808,RB
Jeremy Butler,17122,WR
Jeremy Cox,3914534,RB
Jeremy Ebert,15052,WR
Jeremy Gallon,16828,WR
Jeremy Hill,16803,RB
Jeremy Horne,13506,WR
Jeremy Kelley,15758,WR
Jeremy Kerley,14151,WR
Jeremy Langford,2515416,RB
Jeremy Maclin,12579,WR
Jeremy McNichols,3127586,RB
Jeremy Ross,14500,WR
Jeremy Ruckert,4361372,TE
Jeremy Shockey,3542,TE
Jeremy Sprinkle,2980073,TE
Jeremy Stewart,15572,RB
Jeremy Williams,13667,WR
Jerheme Urban,5286,WR
Jerick McKinnon,16782,RB
Jerious Norwood,9665,RB
Jerjuan Newton,4430254,WR
Jermaine Burton,4429033,WR
Jermaine Gresham,13228,TE
Jermaine Jackson,4698301,WR
Jermaine Kearse,15428,WR
Jermaine Terry II,4432772,TE
Jermar Jefferson,4374033,RB
Jermiah Braswell,3909039,WR
Jermichael Finley,11325,TE
Jerome Cunningham,2476373,TE
Jerome Felton,11369,RB
Jerome Ford,4372019,RB
Jerome Harrison,9731,RB
Jerome Kapp,5145769,WR
Jerome Simpson,11280,WR
Jerome Washington,3672867,TE
Jeron Mastrud,13698,TE
Jerrel Jernigan,14040,WR
Jerrell Jackson,15628,WR
Jerreth Sterns,4383723,WR
Jerricho Cotchery,5633,WR
Jerrion Ealy,4426330,RB
Jerrod Johnson,14275,QB
Jerry Jeudy,4241463,WR
Jerry Rice Jr.,17499,WR
Jeshaun Jones,4360637,WR
Jesper Horsted,3940587,TE
Jesse Holley,10746,WR
Jesse James,2979590,TE
Jesse Matthews,4379569,WR
Jester Weah,3045164,WR
Jevan Snead,13714,QB
Jevoni Robinson,3007919,TE
Jewel Hampton,15220,RB
Jha'Quan Jackson,4427575,WR
Jhamon Ausbon,4240895,WR
Jhurell Pressley,2974212,RB
Jibri Blount,3914638,TE
Jim Dray,13357,TE
Jim Sorgi,5718,QB
Jimmy Clausen,13198,QB
Jimmy Garoppolo,16760,QB
Jimmy Graham,13232,TE
Jimmy Holiday,4431142,WR
Jimmy Horn Jr.,4708486,WR
Jimmy Kibble,4832914,WR
Jimmy Kleinsasser,1796,TE
Jimmy Young,14318,WR
JJ Galbreath,4695800,TE
JJ Howland,4248470,TE
JJ Laap,5192438,WR
JJ Molson,4035822,K
Joaquin Davis,4696907,WR
Jody Fortson,4408854,TE
Joe Adams,14917,WR
Joe Anderson,15659,WR
Joe Banyard,15296,RB
Joe Burrow,3915511,QB
Joe Callahan,3078660,QB
Joe Don Duncan,3057760,TE
Joe Fagnano,4429582,QB
Joe Flacco,11252,QB
Joe Horn Jr.,4423402,WR
Joe Kerridge,2576236,RB
Joe McKnight,13209,RB
Joe Milton III,4360698,QB
Joe Mixon,3116385,RB
Joe Morgan,14424,WR
Joe Reed,4037591,WR
Joe Royer,4565859,TE
Joe Walker,3912052,WR
Joe Webb,13484,QB
Joe Williams,3912576,RB
Joel Bouagnon,3047969,RB
Joel Dreessen,8612,TE
Joel Honigford,4258180,TE
Joel Wilson,4362570,TE
Joey Aguilar,5151948,QB
Joey Haynos,11635,TE
Joey Iosefa,2517262,RB
Joey Slye,3124084,K
John Baron II,3139927,K
John Bates,4048228,TE
John Beck,10484,QB
John Brown,16804,WR
John Carlson,11272,TE
John Clay,14235,RB
John Conner,13341,RB
John Copenhaver,4431045,TE
John Crockett,2986739,RB
John Diarse,3042741,WR
John FitzPatrick,4379401,TE
John Franklin,4035496,WR
John Gilmore,3773,TE
John Griffin,14724,RB
John Hall,5143805,WR
John Hightower,4373673,WR
John Hoyland,4699803,K
John Hurst,4683123,WR
John Jackson,4569510,WR
John Jiles,4887705,WR
John Kasay,139,K
John Kelly Jr.,3915381,RB
John Kuhn,9530,RB
John Laub,16086,QB
John Lovett,3118906,RB
John Matthews,12999,WR
John Metchie III,4567096,WR
John Michael Gyllenborg,4708490,TE
John Mitchell,4040779,TE
John Nalbone,12706,TE
John Paddock,4361636,QB
John Parker Wilson,12480,QB
John Phillips,12550,TE
John Potter,15121,K
John Raine,4040771,TE
John Rhys Plumlee,4426494,QB
John Ross,3052177,WR
John Samuel Shenker,4242526,TE
John Skelton,13458,QB
John Standeford,9457,WR
John Stephens Jr.,4362489,TE
John Ursua,3933064,WR
John Wolford,3124092,QB
Johnathan Franklin,15925,RB
Johnathan Lloyd,3116559,WR
Johnathon Johnson,3924325,WR
Johnnie Dixon,3121413,WR
Johnnie Lee Higgins,10543,WR
Johnny Holton,3056906,WR
Johnny Johnson III,4242504,WR
Johnny King,4695358,WR
Johnny Knox,12678,WR
Johnny Lumpkin,4363098,TE
Johnny Manziel,16736,QB
Johnny Mundt,3052096,TE
Johnny Pascuzzi,4873485,TE
Johnny Stanton IV,3040499,RB
Johnny White,14115,RB
Johnny Wilson,4686104,WR
Joique Bell,13536,RB
JoJo Natson,2971830,WR
JoJo Ward,4373937,WR
Jon Brown,3135726,K
Jon Kitna,1383,QB
Jon'Vea Johnson,3126095,WR
Jonah Coleman,4702555,RB
Jonas Gray,15364,RB
Jonathan Adams,4241053,WR
Jonathan Baldwin,13986,WR
Jonathan Brady,4832806,WR
Jonathan Crompton,13346,QB
Jonathan Duhart,3123226,WR
Jonathan Dwyer,13206,RB
Jonathan Garibay,4569390,K
Jonathan Grimes,15632,RB
Jonathan Hilliman,3122799,RB
Jonathan Kim,4568671,K
Jonathan Krause,17194,WR
Jonathan Mingo,4426485,WR
Jonathan Stewart,11247,RB
Jonathan Stupar,11784,TE
Jonathan Taylor,4242335,RB
Jonathan Ward,4039274,RB
Jonathan Williams,14462,RB
Jonathon Brooks,4678008,RB
Jonnu Smith,3054212,TE
Jontre Kirklin,4242209,WR
Jordan Addison,4429205,WR
Jordan Akins,3128452,TE
Jordan Bly,4687373,WR
Jordan Byrd,4374141,WR
Jordan Cameron,14189,TE
Jordan Chunn,3053732,RB
Jordan Ellis,3124022,RB
Jordan Franks,3128439,TE
Jordan Gay,16591,K
Jordan Howard,3060022,RB
Jordan Hudson,4685409,WR
Jordan James,4685397,RB
Jordan Johnson,2972311,RB
Jordan Jones,3955669,TE
Jordan Kent,10653,WR
Jordan Lasley,3134302,WR
Jordan Leggett,3045118,TE
Jordan Leslie,2511952,WR
Jordan Love,4036378,QB
Jordan Mason,4360569,RB
Jordan Matthews,16763,TE
Jordan Mims,4243004,RB
Jordan Moore,4594444,WR
Jordan Murray,4368172,TE
Jordan Najvar,17310,TE
Jordan Norwood,12587,WR
Jordan Palmer,10648,QB
Jordan Payton,2971588,WR
Jordan Petaia,5278091,TE
Jordan Reed,15860,TE
Jordan Rodgers,16158,QB
Jordan Scarlett,3915115,RB
Jordan Shipley,12594,WR
Jordan Smallwood,3052671,WR
Jordan Ta'amu,4242418,QB
Jordan Taylor,2515662,WR
Jordan Thomas,4035379,TE
Jordan Thompson,16705,TE
Jordan Todman,14186,RB
Jordan Travis,4360799,QB
Jordan Veasy,4035853,WR
Jordan Waters,4428803,RB
Jordan Watkins,4431466,WR
Jordan White,14991,WR
Jordan Whittington,4569382,WR
Jordan Wilkins,3051891,RB
Jordan Williams-Lambert,2972065,WR
Jordon Vaughn,4701592,RB
Jordy Nelson,11270,WR
Jordyn Tyson,4880281,WR
Jorvorskie Lane,12510,RB
Jose Barbon,4360979,WR
Jose Borregales,4046356,K
Joseph Addai,9616,RB
Joseph Fauria,16330,TE
Joseph Manjack,5398004,WR
Joseph Ngata,4426426,WR
Joseph Parker,3918323,WR
Joseph Randle,16013,RB
Joseph Scates,4361736,WR
Josh Adams,3932420,RB
Josh Ali,4259976,WR
Josh Allen,3918298,QB
Josh Babicz,4248555,TE
Josh Baker,14323,TE
Josh Bellamy,15555,WR
Josh Boyce,15998,WR
Josh Brown,4680,K
Josh Caldwell,4426310,RB
Josh Cameron,4879194,WR
Josh Cooper,15197,WR
Josh Cuevas,4876132,TE
Josh Doctson,2576019,WR
Josh Downs,4688813,WR
Josh Ferguson,2576165,RB
Josh Freeman,12473,QB
Josh Gordon,15705,WR
Josh Hammond,4034944,WR
Josh Harper,2517237,WR
Josh Harris,2467210,RB
Josh Hill,16143,TE
Josh Hokit,4049391,RB
Josh Huff,16779,WR
Josh Imatorbhebhe,4035689,WR
Josh Jacobs,4047365,RB
Josh Johnson,4390717,RB
Josh Kattus,4819215,TE
Josh Kelly,4575558,WR
Josh Lambo,2998120,K
Josh Love,3921685,QB
Josh Malone,3115330,WR
Josh McCown,3609,QB
Josh Morgan,11408,WR
Josh Oliver,3921690,TE
Josh Pearson,4368796,WR
Josh Pederson,4036595,TE
Josh Pitsenberger,5094042,RB
Josh Portis,14299,QB
Josh Reynolds,3115306,WR
Josh Robinson,2577419,RB
Josh Rosen,3886377,QB
Josh Scobee,5662,K
Josh Stewart,17261,WR
Josh Vann,4362862,WR
Josh Vaughan,13938,RB
Josh Whyle,4360086,TE
Josh Williams,4568024,RB
Josh Woodrum,2575214,QB
Joshua Cephus,4426893,WR
Joshua Cribbs,9270,WR
Joshua Crockett,4350798,WR
Joshua Cuevas,5398626,TE
Joshua Dobbs,3044720,QB
Joshua Karty,4566192,K
Joshua Kelley,3910544,RB
Joshua Palmer,4242433,WR
Joshua Perkins,2578377,TE
Joshua Pitsenberger,5397419,RB
Joshua Simon,4430482,TE
Josiah Deguara,3914151,TE
Josiah Price,2979554,TE
Jourdan Brooks,15646,RB
JP Richardson,4685183,WR
Juamorris Stewart,13646,WR
Juaquin Iglesias,12571,WR
Jude McAtamney,5092436,K
JuJu Smith-Schuster,3120348,WR
Julian Diaz,4578142,K
Julian Edelman,12649,WR
Julian Fleming,4430800,WR
Julian Hicks,4244768,WR
Julian Hill,4365395,TE
Julian Howsare,3124451,RB
Julian Talley,15518,WR
Julian Williams,3921645,WR
Julio Jones,13982,WR
Julius Chestnut,4367567,RB
Julius Jones,5568,RB
Julius Pruitt,13169,WR
Julius Thomas,14204,TE
Junior Bergen,4887918,WR
Junior Hemingway,15029,WR
Juron Criner,15044,WR
Justice Cunningham,15991,TE
Justice Hill,4038441,RB
Justice Liggins,3050824,WR
Justice Shelton-Mosley,4051242,WR
Justin Blackmon,14907,WR
Justin Brown,16011,WR
Justin Crawford,4039226,RB
Justin Davis,3043216,RB
Justin Fields,4362887,QB
Justin Forsett,11467,RB
Justin Gage,4601,WR
Justin Hall,4244727,WR
Justin Hardy,2518678,WR
Justin Harper,11449,WR
Justin Herbert,4038941,QB
Justin Hilton,15250,WR
Justin Hunter,15845,WR
Justin Jackson,3116136,RB
Justin Jefferson,4262921,WR
Justin Johnson,3917292,TE
Justin Joly,4912052,TE
Justin Jones,4689654,RB
Justin Lockhart,4427819,WR
Justin Marshall,4240075,WR
Justin Medlock,10603,K
Justin Peelle,3631,TE
Justin Perillo,17231,TE
Justin Rigg,4035065,TE
Justin Rohrwasser,3913295,K
Justin Shorter,4361426,WR
Justin Sinz,2511683,TE
Justin Snow,2442,TE
Justin Stockton,3139485,RB
Justin Sumpter,3911927,WR
Justin Tucker,15683,K
Justin Watson,3118892,WR
Justyn Ross,4360306,WR
Juwan Green,4366710,WR
Juwan Johnson,3929645,TE
Juwan Thompson,17045,RB
Juwann Winfree,3128317,WR
K.J. Brent,2577664,WR
K.J. Maye,2970712,WR
K.J. Osborn,3916566,WR
Ka'Deem Carey,16942,RB
Ka'imi Fairbairn,2971573,K
Ka'Raun White,3916085,WR
Kabion Ento,4040870,WR
Kadarius Calloway,5151965,RB
Kadarius Toney,4240600,WR
Kade Warner,4240819,WR
Kaden Davis,5065495,WR
Kaden Prather,4431509,WR
Kaden Smith,4044452,TE
Kaden Wetjen,5081338,WR
Kaelin Clay,2516957,WR
Kaelon Black,4696044,RB
Kahale Warring,3933327,TE
Kahlil Bell,12488,RB
Kahlil Lewis,3914158,WR
Kai Forbath,14816,K
Kai Locksley,4362029,WR
Kairee Robinson,4570243,RB
Kaleb Johnson,4819231,RB
Kalel Mullings,4429121,RB
Kalen Ballage,3128774,RB
Kalif Jackson,3682593,TE
Kalif Raymond,2973405,WR
Kalija Lipscomb,4035277,WR
Kalil Pimpleton,4240866,WR
Kamar Aiken,14583,WR
Kamar Jorden,15386,WR
Kameron Brown,4029728,WR
Kameron Johnson,5097554,WR
Kano Dillon,3139590,TE
Kansei Matsuzawa,5158921,K
Kapri Bibbs,16969,RB
Karan Higdon,3929927,RB
Kareem Huggins,13059,RB
Kareem Hunt,3059915,RB
Karlos Williams,2576817,RB
Kasen Williams,2578394,WR
Kashif Moore,15180,WR
Kassim Osgood,5437,WR
KaVontae Turpin,3676833,WR
Kawaan Baker,4068152,WR
Kay'Ron Lynch-Adams,4426530,RB
Kayaune Ross,4035069,TE
Kaylon Geiger,4427267,WR
Kayshon Boutte,4429022,WR
Kaytron Allen,4685246,RB
Kazmeir Allen,4367180,WR
KC Concepcion,4870653,WR
KD Cannon,3128348,WR
Ke'Shawn Vaughn,3917612,RB
Ke'Shawn Williams,4570738,WR
Kealoha Pilares,14150,WR
KeAndre Lambert-Smith,4430870,WR
Keaontay Ingram,4362087,RB
Kearis Jackson,4361778,WR
Keary Colbert,5586,WR
Keaton Mitchell,4596334,RB
Keavon Milton,16095,TE
Kedon Slovis,4428512,QB
Keelan Cole Sr.,3071572,WR
Keelan Doss,3120980,WR
Keelan Marion,4604004,WR
Keenan Allen,15818,WR
Keenan Reynolds,2970457,WR
Keenen Brown,3122421,TE
KeeSean Johnson,3124537,WR
Kehinde Oginni Hassan,5061223,TE
Keilahn Harris,5125342,WR
Keilan Robinson,4567095,RB
Keiland Williams,13727,RB
Keith Ford,3052662,RB
Keith Kirkwood,3046401,WR
Keith Marshall,2971062,RB
Keith Mumphery,2515420,WR
Keith Null,12709,QB
Keith Smith,17315,RB
Keith Toston,13653,RB
Keith Towbridge,3040071,TE
Keith Wenning,16915,QB
Kejon Owens,4431304,RB
Keke Coutee,3915823,WR
Kekoa Crawford,4046519,WR
Keleki Latu,4688552,TE
Kellen Clemens,9635,QB
Kellen Davis,11392,TE
Kellen Mond,4240904,QB
Kellen Moore,14882,QB
Kellen Winslow,5531,TE
Kelley Washington,4523,WR
Kelly Akharaiyi,5082289,WR
Kelvin Benjamin,16730,TE
Kelvin Harmon,4036163,WR
Kelvin McKnight,3915575,WR
Kelvin Taylor,3043120,RB
Kemonte' Bateman,16045,WR
Kenbrell Thompkins,16381,WR
Kendal Thompson,2577473,WR
Kendall Blanton,3122103,TE
Kendall Gaskins,16066,RB
Kendall Hinton,3700815,WR
Kendall Hunter,14159,RB
Kendall Milton,4429012,RB
Kendall Wright,14909,WR
Kendre Miller,4599739,RB
Kendric Pryor,4035776,WR
Kendrick Bourne,3045523,WR
Kendrick Law,4685441,WR
Kendrick Rogers,4035255,WR
Kene Nwangwu,4035537,RB
Kenji Bahar,3910249,QB
Kenjon Barner,15921,RB
Kennard Backman,2582311,TE
Kennedy Brooks,4241371,RB
Kenneth Almendares,4373653,K
Kenneth Darby,10689,RB
Kenneth Dixon,2971888,RB
Kenneth Farrow,2575553,RB
Kenneth Walker III,4567048,RB
Kenny Bell,2514150,WR
Kenny Britt,12556,WR
Kenny Fletcher,5398000,TE
Kenny Gainwell,4371733,RB
Kenny Golladay,2974858,WR
Kenny Hilliard,2577288,RB
Kenny Lawler,2978201,WR
Kenny McIntosh,4427391,RB
Kenny Pickett,4240703,QB
Kenny Stills,16016,WR
Kenny Yeboah,4044144,TE
Kentrel Bullock,4430992,RB
Kenyan Drake,2979843,RB
Kenyon Sadiq,5083315,TE
Keon Coleman,4635008,WR
Keon Hatcher,2980061,WR
Keric Wheatfall,4570449,WR
Kermit Whitfield,3045379,WR
Kerrith Whyte,3919104,RB
Kerry Meier,13420,WR
Kerry Taylor,14561,WR
Kerryon Johnson,3916925,RB
Kerwynn Williams,16024,RB
Keshawn Martin,14916,WR
Keshunn Abram,4569234,WR
Ketron Jackson Jr.,4431389,WR
Kevin Austin Jr.,4372758,WR
Kevin Boss,10596,TE
Kevin Brock,12874,TE
Kevin Coleman Jr.,4685307,WR
Kevin Concepcion,5398401,WR
Kevin Cone,14818,WR
Kevin Curtis,4532,WR
Kevin Davidson,4031232,QB
Kevin Dorsey,15907,WR
Kevin Elliott,15327,WR
Kevin Faulk,1798,RB
Kevin Foelsch,5212228,TE
Kevin Harris,4570674,RB
Kevin Hogan,2577128,QB
Kevin Jones,5555,RB
Kevin Jurovich,13599,WR
Kevin Kassis,4047518,WR
Kevin Kolb,10480,QB
Kevin Marks Jr.,4257189,RB
Kevin Norwood,16841,WR
Kevin O'Connell,11328,QB
Kevin Ogletree,12588,WR
Kevin Rader,3049290,TE
Kevin Shaa,4365503,WR
Kevin Smith,17257,WR
Kevin Walter,4713,WR
Kevin White,3042435,WR
Kevorian Barnes,4688595,RB
Key'Shawn Smith,4607419,WR
Keyarris Garrett,2575381,WR
Keytaon Thompson,4242243,WR
KhaDarel Hodge,3047876,WR
Khalan Laborn,4240022,RB
Khalfani Muhammad,3052143,RB
Khalid Abdullah,3049325,RB
Khalid Hill,3045222,RB
Khalil Dinkins,4699678,TE
Khalil Herbert,4035886,RB
Khalil McClain,4243910,WR
Khalil Shakir,4373678,WR
Khalil Tate,4039602,WR
Khari Blasingame,3122154,RB
Khari Lee,3144062,TE
Khiry Robinson,16530,RB
Kiero Small,16939,RB
Kimani Vidal,4430968,RB
Kirk Cousins,14880,QB
Kirk Merritt,3915145,RB
Kisean Johnson,4693881,WR
KJ Costello,4044431,QB
KJ Hamler,4240380,WR
KJ Hill Jr.,3915522,WR
Knile Davis,15832,RB
Knowshon Moreno,12516,RB
Ko Kieft,4034779,TE
Kobe Hudson,4429056,WR
Kobe Lewis,4362569,RB
Kobe McCrary,4034782,RB
Kobe Prentice,4869965,WR
Kody Case,4249736,WR
Kolbe Katsis,5225419,WR
Kolby Listenbee,2971544,WR
Kole Heckendorf,12985,WR
Kole Taylor,4433921,TE
Kole Wilson,5096863,WR
Konata Mumpfield,4710855,WR
Konrad Reuland,14434,TE
Korey Hall,10634,RB
Korey Robertson,3123968,WR
Kory Sheets,12521,RB
Kory Sperry,12553,TE
Kregg Lumpkin,11766,RB
Kris Adams,14319,WR
Kris Brown,1981,K
Kris Durham,14095,WR
Kris Leach,4243475,TE
Kris Wilson,5587,TE
Krishawn Hogan,4198679,WR
Kristian Wilkerson,3910176,WR
Kurt Benkert,3040535,QB
Kurtis Rourke,4430431,QB
Kwamie Lassiter II,4035912,WR
Kye Robichaux,4880638,RB
Kyle Adams,14217,TE
Kyle Allen,3115293,QB
Kyle Boller,4477,QB
Kyle Brindza,2576045,K
Kyle Carter,2582138,TE
Kyle Dixon,5011554,WR
Kyle Efaw,15591,TE
Kyle Juszczyk,16002,RB
Kyle Lauletta,3049872,QB
Kyle Lewis,3119232,WR
Kyle Markway,3924367,TE
Kyle McCord,4433971,QB
Kyle Miller,14289,TE
Kyle Monangai,4608686,RB
Kyle Nelson,14426,TE
Kyle Orton,8520,QB
Kyle Philips,4367175,WR
Kyle Pitts Sr.,4360248,TE
Kyle Rudolph,14054,TE
Kyle Sheets,5209803,WR
Kyle Shurmur,3915776,QB
Kyle Sloter,2972092,QB
Kyle Trask,4034946,QB
Kyle Williams,4252364,WR
Kylen Granson,4039160,TE
Kyler Murray,3917315,QB
Kylin Hill,4259805,RB
Kyre Duplessis,4708621,WR
Kyren Williams,4430737,RB
Kyrese Rowan,4574860,WR
Kyric McGowan,4242270,WR
Kyron Drones,4678010,QB
Kyron Hudson,4432784,WR
L.J. Davis,2218064,RB
La'Mical Perine,4034952,RB
La'Michael Pettway,3916911,TE
Lache Seastrunk,16885,RB
Lachlan Pitts,4249623,TE
LaDainian Tomlinson,2553,RB
Ladarius Green,14904,TE
LaDarius Perkins,17232,RB
Ladd McConkey,4612826,WR
Ladell Betts,3584,RB
Laith Marjan,4710727,K
LaJohntay Wester,4690143,WR
Lake McRee,4566198,TE
Lamaar Thomas,16113,WR
Lamar Jackson,3916387,QB
Lamar Jordan,3053315,WR
Lamar Miller,14886,RB
LaMark Brown,15138,WR
LaMike James,14890,RB
Lamont Bryant,15696,WR
Lan Larison,4698253,RB
Lance Ball,11912,RB
Lance Dunbar,15369,RB
Lance Kendricks,14007,TE
Lance Lenoir,3049249,WR
Lance Lewis,15741,WR
Lance Long,11644,WR
Lance Mason,5097854,TE
Lance McCutcheon,4247812,WR
Lance Moore,9400,WR
Landen Akers,4035554,WR
Landon Cox,14674,WR
Landon Lenoir,4043185,WR
Landon Parker,4370170,WR
Landry Jones,15904,QB
LaQuan Williams,14537,WR
Laquon Treadwell,3051889,WR
LaRod Stephens-Howling,12730,RB
LaRon Byrd,15536,WR
Larry Donnell,15707,TE
Larry Fitzgerald,5528,WR
Larry Johnson,4485,RB
Larry Rose III,3124979,RB
Larry Rountree III,4241205,RB
Latavius Murray,15920,RB
Latreal Jones,5082505,WR
Laurence Maroney,9607,RB
Laurent Robinson,10519,WR
Lavasier Tuinei,15440,WR
Lavelle Hawkins,11371,WR
Laviska Shenault Jr.,4243160,WR
LaVon Brazill,15033,WR
Lavon Coleman,3052163,RB
Lawrance Toafili,4429072,RB
Lawrence Cager,3917849,TE
Lawrence Keys III,4372769,WR
Lawrence Tynes,3413,K
Lawrence Vickers,9766,RB
Layne Pryor,4878842,TE
Le'Meke Brockington,4596010,WR
Le'Ron McClain,10580,RB
Le'Veon Bell,15825,RB
Le'Veon Moss,4685470,RB
Leddie Brown,4362196,RB
Lee Evans,5538,WR
Lee Smith,14215,TE
LeGarrette Blount,13213,RB
Legedu Naanee,10615,WR
Lenard Tillery,2974712,RB
LenDale White,9631,RB
Lenny Krieg,5277116,K
Leon Johnson III,5151145,WR
Leon Washington,9703,RB
Leonard Fournette,3115364,RB
Leonard Hankerson,14021,WR
Leonard Pope,9658,TE
Leonard Taylor,4360082,TE
Leonard Weaver,9297,RB
Leonte Carroo,2982804,WR
LeQuint Allen Jr.,4911851,RB
Leroy Watson IV,4570018,TE
Les Brown,14873,TE
LeSean McCoy,12514,RB
LeShun Daniels Jr.,3040143,RB
Lestar Jean,14570,WR
LeVante Bellamy,3916721,RB
Levi Brown,13319,QB
Levi Lewis,4241556,QB
Levi Wentz,4613132,WR
Levine Toilolo,15980,TE
Lew Nichols,4428119,RB
Lewis Bond,4683159,WR
Lex Hilliard,11438,RB
Liam Clifford,4594337,WR
Lil'Jordan Humphrey,4039057,WR
Limas Sweed,11287,WR
Lincoln Pare,4608607,RB
Lincoln Sefcik,4876030,TE
Lincoln Victor,4428753,WR
Lirim Hajrullahu,4682912,K
LJ Scott,3929828,RB
Logan Brock,15587,TE
Logan Paulsen,13726,TE
Logan Payne,10866,WR
Logan Thomas,16813,TE
Logan Woodside,3042749,QB
Lonnie Pryor,16372,RB
Lonyae Miller,13615,RB
Lorenzo Booker,10515,RB
Lorenzo Lingard,4362496,RB
Lorenzo Taliaferro,16950,RB
Louis Hansen,4569727,TE
Louis Murphy,12585,WR
Louis Rankin,11575,RB
Louis Rees-Zammit,5208436,RB
Lousaka Polite,5817,RB
Lucas Havrisik,4245661,K
Lucas Krull,4360231,TE
Lucas Reed,16102,TE
Lucas Scott,4879972,RB
Lucky Jackson,3915802,WR
Lucky Whitehead,3052735,WR
Luis Perez,4290778,QB
Lujuan Winningham,4250253,WR
Luke Altmyer,4597679,QB
Luke Benson,4426692,TE
Luke Deal,4427047,TE
Luke Falk,3052061,QB
Luke Farrell,4040612,TE
Luke Floriea,4566157,WR
Luke Grimm,4433830,WR
Luke Lachey,4432338,TE
Luke McCaffrey,4426948,WR
Luke McCown,5631,QB
Luke McNitt,3075100,RB
Luke Musgrave,4428085,TE
Luke Schoonmaker,4372096,TE
Luke Sellers,3909014,RB
Luke Stocker,14099,TE
Luke Tasker,16111,WR
Luke Willson,16121,TE
Luke Wilson,16033,TE
Luke Wysong,4682761,WR
Luther Burden III,4685278,WR
Lynell Hamilton,11698,RB
Lynn Bowden Jr.,4259979,WR
Mac Dalena,4431053,WR
Mac Hippenhammer,4259597,WR
Mac Jones,4241464,QB
Mack Brown,2512191,RB
Mack Hollins,2991662,WR
Maddux Trujillo,4879326,K
Madison Hedgecock,8665,RB
Maikon Bonani,16547,K
Makai Lemon,4870795,WR
Makai Polk,4430325,WR
Malachi Carter,4360575,WR
Malachi Corley,4613104,WR
Malachi Dupre,3115366,WR
Malachi Fields,4682648,WR
Malachi Jones,2973663,WR
Malcolm Brown,2570986,RB
Malcolm Johnson,2516316,RB
Malcolm Kelly,11285,WR
Malcolm Lewis,2969967,WR
Malcolm Mitchell,2578553,WR
Malcolm Perry,4039436,WR
Malcom Floyd,6016,WR
Malick Meiga,4570636,WR
Malik Benson,5150247,WR
Malik Cunningham,4240069,WR
Malik Davis,4240603,RB
Malik Flowers,4247386,WR
Malik Heath,4689334,WR
Malik Henry,3917200,WR
Malik Knowles,4373077,WR
Malik McClain,4682509,WR
Malik Nabers,4595348,WR
Malik Rutherford,4603746,WR
Malik Taylor,4408988,WR
Malik Turner,3115928,WR
Malik Washington,4569603,WR
Malik Williams,4047769,RB
Malik Willis,4242512,QB
Manase Tonga,13803,RB
Manasseh Bailey,4030747,WR
Manasseh Garner,2515609,TE
Manny Wilkins,3128814,QB
Mante Morrow,5222064,WR
Manuel Johnson,12572,WR
Marc Hickok,10442,K
Marc Mariani,13409,WR
Marc Tyler,15410,RB
Marcedes Lewis,9614,TE
Marcel Jensen,17183,TE
Marcel Reece,11717,RB
Marcelias Sutton,4241403,RB
Marcell Ateman,3046320,WR
Marcus Baugh,3051387,TE
Marcus Easley,13224,WR
Marcus Green,3124964,WR
Marcus Harris,14688,WR
Marcus Jackson,15161,WR
Marcus Johnson,2971718,WR
Marcus Kemp,3046399,WR
Marcus Lattimore,16012,RB
Marcus Lucas,17382,TE
Marcus Mailei,12513,RB
Marcus Major Jr.,4426484,RB
Marcus Mariota,2576980,QB
Marcus Marshall,3917814,RB
Marcus Mason,10837,RB
Marcus Murphy,2514123,RB
Marcus Riley,4360803,WR
Marcus Rosemy-Jacksaint,4429019,WR
Marcus Sanders,5398395,WR
Marcus Santos-Silva,4278420,TE
Marcus Simms,4039244,WR
Marcus Smith,11340,WR
Marcus Thigpen,12524,RB
Marcus Tucker,4012737,WR
Marcus Yarns,4694302,RB
Mardy Gilyard,13221,WR
Mario Alford,3052686,WR
Mario Fannin,14382,RB
Mario Manningham,11329,WR
Mario Williams,4431618,WR
Marion Grice,16956,RB
Mark Andrews,3116365,TE
Mark Brunell,445,QB
Mark Chapman,3044693,WR
Mark Clayton,8437,WR
Mark Dell,14376,WR
Mark Gronowski,4695400,QB
Mark Harrison,16141,WR
Mark Ingram II,13981,RB
Mark McNamee,5294310,K
Mark Redman,4431346,TE
Mark Sanchez,12482,QB
Mark Thompson,4057659,RB
Mark Vital,4066292,TE
Mark Walton,3917846,RB
Marken Michel,2591718,WR
Markese Stepp,4374306,RB
Markus Wheaton,15873,WR
Marlin Klein,4695705,TE
Marlon Brown,16581,WR
Marlon Mack,3139605,RB
Marlon Moore,13616,WR
Marqise Lee,16787,WR
MarQueis Gray,16323,TE
Marques Colston,9838,WR
Marquess Wilson,16023,WR
Marquez Callaway,4035170,WR
Marquez North,3044716,WR
Marquez Stevenson,4039307,WR
Marquez Valdes-Scantling,3051738,WR
Marquez Williams,2985288,RB
Marquis Bundy,2974198,WR
Marquis Maze,15321,WR
Marquis Young,3914324,RB
Marquise Goodwin,15839,WR
Marshall Koehn,2582419,K
Marshall Lang,4566195,TE
MarShawn Lloyd,4429023,RB
Marshawn Lynch,10456,RB
Martavis Bryant,16886,WR
Martell Mallett,13183,RB
Martellus Bennett,11295,TE
Martez Carter,3140525,RB
Martin Rucker,11345,TE
Marvelle Ross,3939146,WR
Marvin Bracy,2969915,WR
Marvin Hall,2578369,WR
Marvin Harrison Jr.,4432708,WR
Marvin Jones Jr.,15072,WR
Marvin McNutt,14915,WR
Marvin Mims Jr.,4686472,WR
Mason Crosby,10636,K
Mason Fairchild,4427164,TE
Mason Kinsey,4057082,WR
Mason Pline,4911517,TE
Mason Rudolph,3116407,QB
Mason Schreck,2972331,TE
Mason Shipley,4879682,K
Mason Stokke,4035773,RB
Mason Taylor,4808766,TE
Mason Tipton,4573697,WR
Master Teague,4361354,RB
Mataeo Durant,4360406,RB
Mathew Sexton,4039339,WR
Matt Ammendola,3919602,K
Matt Asiata,14360,RB
Matt Austin,16043,WR
Matt Balasavage,15606,TE
Matt Barkley,15948,QB
Matt Blanchard,15645,QB
Matt Breida,3049916,RB
Matt Brown,16130,QB
Matt Bryant,4333,K
Matt Bushman,4242369,TE
Matt Cassel,8644,QB
Matt Clapp,13739,RB
Matt Colburn,3919544,RB
Matt Cole,4041703,WR
Matt Corral,4362874,QB
Matt Dayes,3051711,RB
Matt Flanagan,3047488,TE
Matt Flynn,11443,QB
Matt Forte,11278,RB
Matt Furstenburg,16358,TE
Matt Gay,4249087,K
Matt Gutierrez,10764,QB
Matt Hasselbeck,1575,QB
Matt Hazel,16870,WR
Matt Jones,2980105,RB
Matt LaCosse,2576179,TE
Matt Landers,4259550,WR
Matt Lauter,4687486,TE
Matt Lawrence,11801,RB
Matt Leinart,9596,QB
Matt Lengel,2470916,TE
Matt McCrane,3052413,K
Matt McGloin,16593,QB
Matt Moore,11128,QB
Matt Prater,11122,K
Matt Ryan,11237,QB
Matt Schaub,5615,QB
Matt Scott,16161,QB
Matt Seybert,3916588,TE
Matt Simms,15407,QB
Matt Sokol,3121378,TE
Matt Spaeth,10521,TE
Matt Veldman,15318,TE
Matt Weiser,2574404,TE
Matt Willis,10884,WR
Matthew Caldwell,4877717,QB
Matthew Eaton,3138759,WR
Matthew Golden,4701936,WR
Matthew Henry,5226313,WR
Matthew Hibner,4432260,TE
Matthew Mulligan,11708,TE
Matthew Slater,11387,WR
Matthew Stafford,12483,QB
Matthew Trickett,4362360,K
Matthew Tucker,16236,RB
Matthew Wright,3128444,K
Maurice Alexander,3914307,WR
Maurice Ffrench,4036055,WR
Maurice Harris,2576868,WR
Maurice Jones-Drew,9646,RB
Maurice Morris,3582,RB
Maurice Stovall,9676,TE
Max Borghi,4361142,RB
Max Bredeson,4878695,RB
Max Brosmer,4573398,QB
Max Duggan,4427105,QB
Max Hall,13576,QB
Max Hurleman,4694237,RB
Max Klare,4833029,TE
Max Komar,13602,WR
Max McCaffrey,2969896,WR
Max Tomczak,4878956,WR
Maximilian Mang,4608691,TE
Maxwell Klare,5398544,TE
Maxx Williams,2970726,TE
McCallan Castles,4372741,TE
McLeod Bethel-Thompson,14594,QB
Mecole Hardman Jr.,4035004,WR
Mekale McKay,2980068,WR
Mekhi Sargent,4379504,RB
Melvin Gordon III,2576434,RB
Messiah Swinson,4362770,TE
Mewelde Moore,5644,RB
Micah Bernard,4426696,RB
Micah Simon,3932355,WR
Micah Wright,3120558,WR
Michael Badgley,3123052,K
Michael Bandy,4034704,WR
Michael Briscoe,4688418,WR
Michael Burton,2515270,RB
Michael Bush,10544,RB
Michael Campanaro,16832,WR
Michael Campbell,14473,WR
Michael Carter,4240657,RB
Michael Clark,3931763,WR
Michael Clayton,5540,WR
Michael Colubiale,3065510,TE
Michael Cox,15929,RB
Michael Crabtree,12563,WR
Michael Dereus,4043814,WR
Michael Dyer,2516006,RB
Michael Edwards,16060,WR
Michael Egnew,14903,TE
Michael Ezeike,4367182,TE
Michael Floyd,14908,WR
Michael Ford,16135,RB
Michael Gallup,4036348,WR
Michael Higgins,14400,TE
Michael Hill,16074,RB
Michael Hoomanawanui,13387,TE
Michael Jacobson,3911895,TE
Michael Jenkins,5554,WR
Michael Lutrell Clemons,2550365,RB
Michael Matthews,10806,TE
Michael Mayer,4429086,TE
Michael Moore,13759,WR
Michael Palmer,13629,TE
Michael Penix Jr.,4360423,QB
Michael Pittman Jr.,4035687,WR
Michael Pratt,4685039,QB
Michael Preston,14610,WR
Michael Roberts,3059945,TE
Michael Robinson,9686,RB
Michael Smith,15127,RB
Michael Strachan,4589245,WR
Michael Thomas,2976316,WR
Michael Trigg,4594749,TE
Michael Turner,5679,RB
Michael Walker,3915296,WR
Michael Warren II,4239083,RB
Michael Wiley,4569156,RB
Michael Williams,15910,TE
Michael Willie,15652,WR
Michael Wilson,4360761,WR
Michael Woods II,4360174,WR
Michael Wortham,5152117,WR
Michael Young Jr.,4258604,WR
Michael Zordich,16444,RB
Micheal Spurlock,10327,WR
Mickey Charles Shuler,13456,TE
Micky Crum,3116661,TE
Miguel Maysonet,16204,RB
Mik'Quan Deane,4246674,TE
Mike Bell,9864,RB
Mike Bercovici,2576822,QB
Mike Boone,3139033,RB
Mike Brown,15448,WR
Mike Caussin,13335,TE
Mike Cox,11747,RB
Mike Davis,17381,WR
Mike Evans,16737,WR
Mike Gesicki,3116164,TE
Mike Gillislee,15952,RB
Mike Glennon,15837,QB
Mike Goodson,12499,RB
Mike Harley Jr.,4240625,WR
Mike Hermann,16353,QB
Mike James,15968,RB
Mike Kafka,13397,QB
Mike Karney,5681,RB
Mike McNeill,14637,TE
Mike Nugent,8461,K
Mike Rigerman,5211569,TE
Mike Sellers,1686,RB
Mike Sims-Walker,10523,WR
Mike Thomas,3123986,WR
Mike Tolbert,11658,RB
Mike Vick,2549,QB
Mike Wallace,12601,WR
Mike Washington Jr.,4686658,RB
Mike Weber,3915536,RB
Mike White,3051381,QB
Mike Williams,8425,WR
Mikel Leshoure,14052,RB
Mikey Daniel,4031003,RB
Miles Austin,10147,WR
Miles Boykin,3932423,WR
Miles Davis,4613105,RB
Miles Kitselman,5089453,TE
Miles Sanders,4045163,RB
Miller Forristall,4040714,TE
Miller Moss,4431580,QB
Milton Wright,4426504,WR
Mitch Ewald,2466890,K
Mitch Mathews,2474890,WR
Mitch Van Vooren,5289897,TE
Mitchell Evans,4683243,TE
Mitchell Tinsley,4690070,WR
Mitchell Trubisky,3039707,QB
Mitchell Wilcox,3923392,TE
Mo Alie-Cox,2998565,TE
Mohamed Ibrahim,4240750,RB
Mohamed Massaquoi,12581,WR
Mohamed Sanu,14922,WR
Moliki Matavao,4432731,TE
Monaray Baldwin,4708127,WR
Montana Lemonious-Craig,4686775,WR
Montario Hardesty,13208,RB
Montay Crockett,2973973,WR
Monte Pottebaum,4360506,RB
Montee Ball,15823,RB
Montell Owens,10057,RB
Montorie Foster Jr.,4600597,WR
Montrell Johnson Jr.,4684625,RB
Montrell Washington,4248822,WR
Moochie Dixon,4431068,WR
Moose Muhammad III,4685144,WR
Moral Stephens,3121659,TE
Moran Norris,2664,RB
Moritz Bohringer,4002672,TE
Mose Frazier,2977874,WR
Mossis Madu,14419,RB
Murphy Holloway,16075,TE
Mychal Rivera,15923,TE
MyCole Pruitt,2508256,TE
Myles Gaskin,3886818,RB
Myles Montgomery,4676889,RB
Myles Price,4430656,WR
Myles White,16569,WR
Myron Mitchell,4570106,WR
N'Keal Harry,4047839,TE
Naaman Roosevelt,13637,WR
Najee Harris,4241457,RB
Nakia Griffin-Stewart,3930035,TE
Napoleon Maxwell,3128846,RB
Nate Adkins,4383440,TE
Nate Arthur Byham,13326,TE
Nate Becker,3125999,TE
Nate Boerkircher,4686248,TE
Nate Burleson,4529,WR
Nate Davis,12472,QB
Nate Eachus,15548,RB
Nate Freese,16823,K
Nate Hughes,11798,WR
Nate Kaeding,5590,K
Nate McCollum,4432387,WR
Nate McCrary,4820592,RB
Nate Noel,4613032,RB
Nate Stanley,4036149,QB
Nate Sudfeld,2979501,QB
Nate Washington,9307,WR
Nate Wieting,3894852,TE
Nathan Carter,4605841,RB
Nathan Cottrell,3917812,RB
Nathan Enderle,14120,QB
Nathan Overbay,13785,TE
Nathan Palmer,15189,WR
Nathan Peterman,2972236,QB
Nathan Rourke,4244688,QB
Nathan Slaughter,17403,WR
Nathaniel Peat,4428211,RB
Naufahu Tahi,10246,RB
Nay'Quan Wright,4567400,RB
Naz Bohannon,4285366,TE
Neal Johnson,4429927,TE
Neal Sterling,2513770,TE
Neil Pau'u,4242377,WR
Neil Rackers,2300,K
Nelson Agholor,2971618,WR
Nelson Rosario,15352,TE
Nelson Spruce,2576952,WR
Nic Jacobs,17181,TE
Nic Shimonek,3040134,QB
Nicholas Cooper,15452,RB
Nicholas Singleton,4685555,RB
Nick Bawden,3125232,RB
Nick Bowers,3929633,TE
Nick Boyle,2574591,TE
Nick Brossette,3843406,RB
Nick Chubb,3128720,RB
Nick DeGennaro,4692796,WR
Nick Easley,4240591,WR
Nick Eubanks,4046520,TE
Nick Fitzgerald,3087801,QB
Nick Foles,14877,QB
Nick Folk,10621,K
Nick Guggemos,3957439,TE
Nick Holley,3052549,RB
Nick Johnson,15446,WR
Nick Kallerup,4569547,TE
Nick Kasa,15962,TE
Nick Keizer,4329472,TE
Nick Miller,12953,WR
Nick Mullens,3059989,QB
Nick Muse,4249624,TE
Nick Nash,4570242,WR
Nick Novak,9329,K
Nick O'Leary,2576804,TE
Nick Ralston,3893625,RB
Nick Rose,2971728,K
Nick Sciba,4362020,K
Nick Stephens,15269,QB
Nick Tiano,3917280,QB
Nick Toon,14921,WR
Nick Truesdell,2309428,TE
Nick Vannett,2576399,TE
Nick Vogel,3129271,K
Nick Westbrook-Ikhine,3929785,WR
Nick Williams,16345,WR
Nico Collins,4258173,WR
Nikita Whitlock,17288,RB
Nikko Remigio,4372716,WR
Nikola Kalinic,4916349,TE
Niles Paul,14156,TE
Noah Brown,3121409,WR
Noah Cain,4426658,RB
Noah Fant,4036131,TE
Noah Gindorff,4248546,TE
Noah Gray,4240472,TE
Noah Short,5082142,WR
Noah Thomas,4718457,WR
Noah Togiai,3930298,TE
Noah Whittington,4432631,RB
Nolan Givan,4039198,TE
Nolan Henderson,4248104,QB
Nsimba Webster,3119317,WR
Nyheim Hines,3916430,RB
Nyqwan Murray,3921571,WR
O.J. Howard,3043080,TE
Octavian Smith Jr.,4869520,WR
Odell Beckham Jr.,16733,WR
OJ Hiliare,4578462,WR
Olamide Zaccheaus,3917914,WR
Olindo Mare,1170,K
Oliver Martin,4258189,WR
Ollie Gordon II,4711533,RB
Omar Bayless,3917166,WR
Omar Cooper Jr.,4723820,WR
Omari Evans,4702908,WR
Omari Kelly,4701951,WR
Omarion Hampton,4685382,RB
Onrea Jones,10708,WR
Ontaria Wilson,4240033,WR
Oren O'Neal,10618,RB
Orleans Darkwa,17331,RB
Oronde Gadsden,4595342,TE
Orson Charles,14902,TE
Oscar Cardenas,4426857,TE
Oscar Delp,4702559,TE
Osirus Mitchell,4035386,WR
Otis Anderson,4243543,RB
Ovie Mughelli,4592,RB
Owen Daniels,9684,TE
Owen Marecic,14130,RB
Owen Schmitt,11397,RB
Owen Wright,4249616,RB
P.J. Hill,12502,RB
Papi White,3126080,WR
Parker Hesse,3144991,TE
Parker Houston,4036835,TE
Parker Romo,4051167,K
Parker Washington,4432620,WR
Parker White,4241237,K
Parris Campbell,3121410,WR
Pat Bryant,4600981,WR
Pat Conroy,4579667,TE
Pat Devlin,14240,QB
Pat Freiermuth,4361411,TE
Pat White,12485,QB
Pat Williams,13027,WR
Patrick Carr,3915427,RB
Patrick Cobbs,9902,RB
Patrick Crayton,5741,WR
Patrick DiMarco,14332,RB
Patrick Edwards,15474,WR
Patrick Gurd,4693208,TE
Patrick Herbert,4429811,TE
Patrick Laird,3127211,RB
Patrick Mahomes,3139477,QB
Patrick Murray,16684,K
Patrick Murtagh,5209791,TE
Patrick Ricard,2975417,RB
Patrick Taylor Jr.,4039358,RB
Patrick Turner,12599,WR
Paul Butler,4337702,TE
Paul Hubbard,11425,WR
Paul Lasike,2970515,RB
Paul McRoberts,2975817,WR
Paul Perkins,2971589,RB
Paul Quessenberry,2575891,TE
Paul Richardson Jr.,16781,WR
Paul Turner,2577286,WR
Paul Williams,10524,WR
Paxton Lynch,2977881,QB
Payne Durham,4372505,TE
Payton Thorne,4430590,QB
Peewee Jarrett,5165779,QB
Penny Hart,3917546,WR
Percy Harvin,12569,WR
Pete Guerriero,4262315,RB
Peter LeBlanc,4427773,WR
Peter Pujals,3048030,QB
Peyton Barber,3051902,RB
Peyton Hendershot,4258248,TE
Peyton Hillis,11461,RB
Peyton Manning,1428,QB
Pharaoh Brown,2971281,TE
Pharoah McKever,3051719,TE
Pharoh Cooper,3048897,WR
Phil Bates,15554,WR
Phil Dawson,1440,K
Phil Lutz,5153868,WR
Phil Mafah,4431562,RB
Philip Rivers,5529,QB
Phillip Brooks,4373062,WR
Phillip Dorsett II,2579604,WR
Phillip Lindsay,3052117,RB
Phillip Supernaw,15257,TE
Phillip Tanner,14625,RB
Pierre Garcon,11439,WR
Pierre Strong Jr.,4249836,RB
Pierre Thomas,10713,RB
PJ Walker,3051308,QB
Plaxico Burress,2139,WR
Pooka Williams Jr.,4360326,WR
Praise Olatoke,5215426,WR
Preston Parker,13703,WR
Preston Williams,3915399,WR
Princeton Fant,4242442,TE
Pro Wells,4362442,TE
Puka Nacua,4426515,WR
Qadir Ismail,4379769,WR
Qadree Ollison,3123944,RB
Qadry Ismail,387,WR
Quadree Henderson,3895789,WR
Quali Conley,4694583,RB
Quan Bray,2574545,WR
Quan Cosby,12562,WR
Quartney Davis,4035221,WR
Quentin Hines,16400,RB
Quentin Johnston,4429025,WR
Quentin Moore,4875350,TE
Quentin Skinner,4613050,WR
Quez Watkins,4050373,WR
Quincy Adeboyejo,3051869,WR
Quincy Enunwa,16899,WR
Quincy McDuffie,16091,WR
Quincy Skinner Jr.,4572380,WR
Quinn Ewers,4889929,QB
Quinn Johnson,12508,RB
Quinn Nordin,4046532,K
Quinn Porter,13764,RB
Quinn Sharp,16320,K
Quinshon Judkins,4685702,RB
Quintez Cephus,4035793,WR
Quintin Morris,4244049,TE
Quinton Flowers,3139591,RB
Quinton Ganther,9832,RB
Quinton Patton,16026,WR
R.J. Harris,2507284,WR
R.J. Webb,16540,WR
Ra'Shaun Henry,4032625,WR
Racey McMath,4242231,WR
Rachaad White,4697815,RB
Raheem Blackshear,4259308,RB
Raheem Mostert,2576414,RB
Raheim Sanders,4601080,RB
Rakeem Boyd,4047337,RB
Rakim Jarrett,4429006,WR
Raleigh Webb,4032247,WR
Ralph Webb,3051762,RB
Ramel Keyton,4426399,WR
Ramiz Ahmed,4266790,K
Ramon Jefferson,4250013,RB
Ramses Barden,12555,WR
Randall Cobb,14053,WR
Randall Telfer,2510611,TE
Randy Bullock,15091,K
Randy Gregory,3895806,RB
Randy McMichael,3642,TE
Randy Moss,1433,WR
Rannell Hall,2581464,WR
Raphael Leonard,4250570,WR
Rashaad Penny,3139925,RB
Rashad Greene,2576785,WR
Rashad Jennings,12503,RB
Rashad Medaris,3909123,WR
Rashad Rochelle,4700149,WR
Rashad Ross,16566,WR
Rashard Davis,3049329,WR
Rashard Higgins,3042910,WR
Rashard Mendenhall,11257,RB
RaShaun Allen,17423,TE
Rashawn Jackson,13590,RB
Rashawn Scott,2579623,WR
Rashee Rice,4428331,WR
Rasheed Bailey,3892271,WR
Rasheen Ali,4690013,RB
Rashid Shaheed,4032473,WR
Rashied Davis,9268,WR
Rashod Bateman,4360939,WR
Rashod Owens,4430577,WR
Ray Agnew,17101,RB
Ray Davis,4429501,RB
Ray Gene Smith,2538273,RB
Ray Graham,16497,RB
Ray Lawry,3123212,RB
Ray Rice,11289,RB
Ray-Ray McCloud III,3728262,WR
Raylen Sharpe,4872957,WR
Raymond Calais,4040732,RB
Raymond Radway,14727,WR
Raymond Webber,14455,WR
Reagan Maui'a,10624,RB
Redford Jones,3060823,K
Reece Horn,2989641,WR
Reggie Begelton,2974503,WR
Reggie Bell,2520767,WR
Reggie Bonnafon,3116642,RB
Reggie Brown,4366625,WR
Reggie Bush,9588,RB
Reggie Davis,3043134,WR
Reggie Dunn,16059,WR
Reggie Gilliam,4039505,RB
Reggie Jordan,17192,TE
Reggie Kelly,1794,TE
Reggie Roberson Jr.,4241888,WR
Reggie Virgil,4869132,WR
Reggie Wayne,2578,WR
Reggie White Jr.,3121225,WR
Reggie Williams,5534,WR
Reginald Virgil,5392987,WR
Reid Sinnett,3926936,QB
Rex Burkhead,15971,RB
Rex Grossman,4480,QB
Rhamondre Stevenson,4569173,RB
Rhett Bomar,12465,QB
Rhett Ellison,15003,TE
Rhys Lloyd,10956,K
Rian Lindell,2489,K
Ricardo Lockette,14280,WR
Ricardo Louis,2971023,WR
Richard Bartel,10971,QB
Richard Dickson,13740,TE
Richard Goodman,13568,WR
Richard Gordon,14211,TE
Richard Murphy,14294,RB
Richard Quinn,12552,TE
Richard Rodgers,16786,TE
Richie Brockel,13538,TE
Richie James,3122899,WR
Ricky Ortiz,2978244,RB
Ricky Pearsall,4428209,WR
Ricky Person Jr.,4361655,RB
Ricky Schmitt,10850,K
Ricky Seals-Jones,3051806,TE
Ricky Stanzi,14080,QB
Ricky White III,4431479,WR
Rico Bussey,4049750,WR
Rico Dowdle,4038815,RB
Rico Gafford,4048717,WR
Rico Gathers,2990959,TE
Riley Cooper,13225,WR
Riley Lees,4035654,WR
Riley Leonard,4683423,QB
Riley McCarron,2988624,WR
Riley Neal,3915468,QB
Riley Nowakowski,4693370,RB
Riley Patterson,4243371,K
Riley Ridley,4035015,WR
Riley Sharp,4402090,TE
Rishard Matthews,15102,WR
Rivaldo Fairweather,4605858,TE
River Cracraft,3052056,WR
RJ Harvey,4568490,RB
RJ Maryland,4702913,WR
Rob Bironas,9235,K
Rob Gronkowski,13229,TE
Rob Housler,14009,TE
Rob Kelley,2575408,RB
Rob Myers,12546,TE
Robbie Chosen,2574808,WR
Robbie Gould,9354,K
Robbie Ouzts,4691688,RB
Robert Agnone,12943,TE
Robert Burns,4240636,RB
Robert Davis,3042373,WR
Robert Foster,3054845,WR
Robert Griffin III,14875,QB
Robert Henry Jr.,5151317,RB
Robert Herron,16903,WR
Robert Hughes,14266,RB
Robert Lewis,4686271,WR
Robert Martin,3127374,RB
Robert Meachem,10471,WR
Robert Royal,3688,TE
Robert Tonyan,2975674,TE
Robert Turbin,14894,RB
Robert Woods,15880,WR
Roberto Aguayo,2978887,K
Roberto Wallace,13661,WR
Roc Taylor,4431597,WR
Roc Thomas,3121583,RB
Rock Cartwright,3761,RB
Rocky Lombardi,4241965,QB
Rod Smith,2512197,RB
Rod Streater,15391,WR
Rod Windsor,13941,WR
Roddy White,8442,WR
Roderick Daniels Jr.,4594446,WR
Rodney Adams,3059918,WR
Rodney Anderson,3705353,RB
Rodney Smith,16373,WR
Rodney Williams,4250969,TE
Rodrigo Blankenship,3915165,K
Roger Carter Jr.,4241273,TE
Roger Lewis,3125745,WR
Rohan Jones,5083509,TE
Roman Hemby,4688835,RB
Roman Wilson,4431492,WR
Rome Odunze,4431299,WR
Romell Guerrier,4264340,WR
Romello Brinson,4431197,WR
Romello Brooker,3126196,TE
Romeo Doubs,4361432,WR
Ron'quavion Tarver,4048681,WR
Ronald Awatt,4245242,RB
Ronald Johnson,14142,WR
Ronald Jones,3912550,RB
Rondale Moore,4372485,WR
Ronnie Bell,4372063,WR
Ronnie Brown,8417,RB
Ronnie Hillman,14895,RB
Ronnie Rivers,4243003,RB
Ronnie Wingo Jr.,16242,RB
Roosevelt Nix,17223,RB
Rory Anderson,2577661,TE
Rory Starkey,4370451,WR
Roschon Johnson,4426386,RB
Roscoe Parrish,8469,WR
Ross Dwelley,3120303,TE
Ross Travis,3936647,TE
Roy Helu Jr.,14192,RB
Roy Williams,5532,WR
Royce Freeman,3122672,RB
Royce Pollard,15421,WR
Roydell Williams,4685723,RB
Rudy Carpenter,12469,QB
Rueben Randle,14911,WR
Rushawn Baker,4876613,RB
Russell Gage Jr.,3115378,WR
Russell Hansbrough,2971435,RB
Russell Shepard,16227,WR
Russell Wilson,14881,QB
Rusty Smith,13459,QB
Ruvell Martin,9451,WR
Ryan Becker,4039553,TE
Ryan Broyles,14919,WR
Ryan Coe,4578233,K
Ryan D'Imperio,13348,RB
Ryan Davis,3916946,WR
Ryan Finley,3042876,QB
Ryan Fitzgerald,4568263,K
Ryan Fitzpatrick,8664,QB
Ryan Flournoy,5083754,WR
Ryan Grant,16845,WR
Ryan Griffin,15887,TE
Ryan Hewitt,17169,TE
Ryan Izzo,3122920,TE
Ryan Jones,4241387,TE
Ryan Katz,16081,QB
Ryan Lindley,14883,QB
Ryan Longwell,1328,K
Ryan Mahaffey,14284,RB
Ryan Malleck,2577892,TE
Ryan Mallett,14037,QB
Ryan Mathews,13204,RB
Ryan McDaniel,4259775,WR
Ryan Miller,4369466,WR
Ryan Nall,3127335,RB
Ryan Nassib,15891,QB
Ryan O'Malley,2566643,TE
Ryan Otten,16156,TE
Ryan Perrilloux,13960,QB
Ryan Purvis,12551,TE
Ryan Santoso,3040204,K
Ryan Smith,3125991,TE
Ryan Spadola,16230,WR
Ryan Succop,12731,K
Ryan Switzer,3039725,WR
Ryan Swope,15987,WR
Ryan Tannehill,14876,QB
Ryan Taylor,14213,TE
Ryan Torain,11362,RB
Ryan Whalen,14131,WR
Ryan Williams,14051,RB
Ryan Willis,3917958,QB
Ryan Yurachek,3139447,RB
Ryquell Armstead,3923397,RB
Rysen John,4045062,TE
Saalim Hakim,15397,WR
Saeed Blacknall,3116155,WR
Sage Rosenfels,2658,QB
Sage Surratt,4240432,TE
Sahmir Hagans,4612246,WR
Sal Cannella,4242536,TE
Salvon Ahmed,4243315,RB
Sam Aiken,4585,WR
Sam Bradford,13197,QB
Sam Brown Jr.,4587977,WR
Sam Darnold,3912547,QB
Sam Ehlinger,4241820,QB
Sam Ficken,2582139,K
Sam Hartman,4361994,QB
Sam Howell,4426875,QB
Sam Hurd,10194,WR
Sam James,4362208,WR
Sam LaPorta,4430027,TE
Sam Pinckney,4361915,WR
Sam Pitz,5278396,TE
Sam Rogers,3045472,RB
Sam Roush,4685504,TE
Sam Schnee,4384608,WR
Sam Scott,4700138,RB
Sam Sloman,4038994,K
Sam Swank,12462,K
Sam Wiglusz,4385438,WR
Samaje Perine,3116389,RB
Sammie Coates,2574549,WR
Sammie Stroughter,12595,WR
Sammis Reyes,3148929,TE
Sammy Morris,2287,RB
Sammy Watkins,16725,WR
Samori Toure,4027873,WR
Samson Nacua,4048099,WR
Samuel Giguere,11634,WR
Samuel Scott,5397994,RB
Sandro Platzgummer,4683485,RB
Santana Moss,2564,WR
Santonio Holmes,9611,WR
Saquon Barkley,3929630,RB
SaRodorick Thompson Jr.,4362162,RB
Savion Williams,4431487,WR
Savon Scarver,4259240,WR
Scooter Harrington,4044436,TE
Scott Chandler,10572,TE
Scott Matlock,4373684,RB
Scott Orndoff,3045163,TE
Scott Simonson,17391,TE
Scott Tolzien,14353,QB
Scottie Phillips,4362878,RB
Scotty McKnight,14161,WR
Scotty Miller,3914397,WR
Scotty Washington,3919557,TE
Sean Canfield,13331,QB
Sean Clifford,4259592,QB
Sean Culkin,2971426,TE
Sean Mannion,2517017,QB
Sean McGrath,15515,TE
Sean McKeon,4036275,TE
Sean Modster,3127588,WR
Sean Renfree,15894,QB
Sean Riley,4037124,WR
Sean Ryan,4360972,WR
Sean Tucker,4430871,RB
Seantavius Jones,17191,WR
Sebastian Janikowski,2148,K
Sederrik Cunningham,15780,WR
Seneca Wallace,4568,QB
Senorise Perry,17421,RB
Sergio Bailey,4039320,WR
Sergio Castillo,17480,K
Seth Dawkins,4035996,WR
Seth DeValve,2566659,TE
Seth Doege,16182,QB
Seth Green,4034772,TE
Seth Henigan,4606194,QB
Seth McGowan,4686468,RB
Seth Roberts,17402,WR
Seth Williams,4371974,WR
Sewo Olonilua,4038539,RB
Seydou Traore,4714379,TE
Seyi Ajirotutu,13524,WR
Shae Wyatt,4875825,WR
Shaky Smithson,14600,WR
Shaleak Knotts,4685416,WR
Shane Andrus,10269,K
Shane Bannon,14166,RB
Shane Buechele,4039034,QB
Shane Leatherbury,4248985,WR
Shane Smith,2981212,RB
Shane Vereen,14017,RB
Shane Watts,5299008,RB
Shane Wynn,2578322,WR
Shane Zylstra,4608362,TE
Shaq Evans,16811,WR
Shaquan Davis,4579752,WR
Shaun Beyer,4036124,TE
Shaun Chapas,14094,RB
Shaun Draughn,14518,RB
Shaun Hill,4260,QB
Shaun Suisham,9361,K
Shaun Wilson,3116563,RB
Shawn Bane,3957156,WR
Shawn Bowman,4366910,TE
Shawn Nelson,12547,TE
Shawn Poindexter,4039604,WR
Shawnbrey McNeal,13613,RB
Shay Fields,3122607,WR
Shay Hodge,13687,WR
Shayne Graham,3504,K
Shea Patterson,4035292,QB
Shedeur Sanders,4432762,QB
Shedrick Jackson,4361332,WR
Shelton Gibson,3042417,WR
Shemar Bridges,4585376,WR
Sherman Badie,3041102,RB
Shermari Jones,4685939,RB
Shi Smith,4259499,WR
Shonn Greene,12500,RB
ShunDerrick Powell,4876907,RB
Siaosi Mariner,4361016,WR
Sidney Rice,10488,WR
Silas Bolden,4590532,WR
Silas Redd,17352,RB
Simi Fehoko,4360739,WR
Simmie Cobbs Jr.,3128251,WR
Sincere Brown,4568687,WR
Sincere McCormick,4430104,RB
Sinorice Moss,9630,WR
Sione Vaki,4912274,RB
Sirgeo Hoffman,4382625,RB
Skip Hicks,3998351,RB
Skye Dawson,16337,WR
Skylar Thompson,4036419,QB
Skyler Bell,4683153,WR
Skyy Moore,4430191,WR
Slade Bolden,4360115,WR
Snoop Conner,4567246,RB
Solomon Patton,17228,WR
Sone Ntoh,4428143,RB
Sony Michel,3128721,RB
Spencer Brown,4239768,RB
Spencer Havner,10387,TE
Spencer Larsen,11417,RB
Spencer Nigh,4035523,RB
Spencer Rattler,4426339,QB
Spencer Schnell,3126075,WR
Spencer Shrader,4571557,K
Spencer Ware,16020,RB
Squirrel White,5081368,WR
Stacy Coley,3051923,WR
Stafon Johnson,13594,RB
Stanley Berryhill,4245639,WR
Stanley Havili,14104,RB
Stanley Morgan Jr.,3699902,WR
Stedman Bailey,15822,WR
Stefan Logan,12021,RB
Stefon Diggs,2976212,WR
Stepfan Taylor,15981,RB
Stephen Anderson,2576854,TE
Stephen Baggett,3126158,TE
Stephen Burton,14210,WR
Stephen Carlson,3948283,TE
Stephen Gosnell,4432215,WR
Stephen Gostkowski,9704,K
Stephen Guidry,4362706,WR
Stephen Hauschka,11923,K
Stephen Hill,14910,WR
Stephen Louis,3116745,WR
Stephen McGee,12478,QB
Stephen Morris,17220,QB
Stephen Spach,9264,TE
Stephen Sullivan,4035426,TE
Stephen Williams,13490,WR
Stephon Robinson Jr.,4360329,WR
Sterling Shepard,2976592,WR
Stetson Bennett IV,4259553,QB
Stevan Ridley,14028,RB
Steve Breaston,10585,WR
Steve Heiden,1822,TE
Steve Ishmael,3123992,WR
Steve Maneri,13863,TE
Steve Slaton,11323,RB
Steve Smith Sr.,2622,WR
Steven Dunbar Jr.,3126197,WR
Steven Jackson,5549,RB
Steven Miller,16094,RB
Steven Mitchell Jr.,3043225,WR
Steven Montez,3915436,QB
Steven Sims,3917960,WR
Steven Stilianos,4369991,TE
Stevie Johnson,11458,WR
Stevie Scott,4371953,RB
Stevo Klotz,4686438,TE
Stone Smartt,4250764,TE
Storm Johnson,16884,RB
Sutton Smith,3921970,RB
Swayze Waters,13024,K
Sy Barnett,4408992,WR
T.J. Hockenson,4036133,TE
T.J. Houshmandzadeh,2753,WR
T.J. Linta,3118131,QB
T.J. Logan,3039723,RB
T.J. Luther,4370162,WR
T.J. Moe,16374,WR
T.J. Rahming,3917787,WR
T.J. Simmons,4040723,WR
T.J. Vasher,4043158,WR
T.J. Yates,14114,QB
T.J. Yeldon,2976516,RB
T.Y. Hilton,14924,WR
Tahj Brooks,4429299,RB
Tahj Washington,4567506,WR
Tai Felton,4565185,WR
Taiwan Jones,14167,RB
Taj McGowan,3914267,RB
Taj Smith,11783,WR
Tajae Sharpe,2982828,WR
Tajh Boyd,16812,QB
Talolo Limu-Jones,4027439,WR
TaMerik Williams,4360564,RB
Tamorrion Terry,4240028,WR
Tandon Doss,14190,WR
Tank Bigsby,4429013,RB
Tank Dell,4366031,WR
Tanner Arkin,4683308,TE
Tanner Brown,4696736,K
Tanner Conner,4047422,TE
Tanner Gentry,3043841,WR
Tanner Hudson,3050481,TE
Tanner Knue,4363528,WR
Tanner Koziol,4917427,TE
Tanner Lee,3041097,QB
Tanner McEvoy,2577684,WR
Tanner McKee,4685201,QB
Tanner McLachlan,4384171,TE
Tanner Mordecai,4360271,QB
Tanner Morgan,4240756,QB
Tanner Taula,4248052,TE
Taquan Mizzell,3048680,RB
Tarik Black,4258170,WR
Tarik Cohen,3066158,RB
Tarren Lloyd,15527,TE
Tarvaris Jackson,9650,QB
Taryn Christion,3909004,QB
Tashard Choice,11359,RB
Tauren Poole,14893,RB
Tavarres King,15911,WR
Taveon Rogers,15251,WR
Tavien Feaster,4035470,RB
Tavon Austin,15786,WR
Tay Martin,4245144,WR
Taye Barber,4362430,WR
Taylen Green,4431325,QB
Taylor Bertolet,2578718,K
Taylor Cornelius,3122424,QB
Taylor Elgersma,5278103,QB
Taylor Gabriel,17437,WR
Taylor Grimes,4383163,WR
Taylor Heinicke,2565969,QB
Taylor Morin,4567044,WR
Taylor Price,13223,WR
Taylor Russolino,4611153,K
Taylor Thompson,15067,TE
Tayon Fleet-Davis,4241934,RB
Taysir Mack,4045291,WR
Taysom Hill,2468609,TE
Tayvion Robinson,4428367,WR
Taywan Taylor,3059760,WR
Teagan Quitoriano,4374045,TE
Ted Ginn Jr.,10453,WR
Ted Hurst,5398001,WR
Teddy Bridgewater,16728,QB
Tee Higgins,4239993,WR
Tejhaun Palmer,4875912,WR
Temarrick Hemingway,2580330,TE
Teo Redding,3045763,WR
Terion Stewart,4565318,RB
Terique Owens,4571579,WR
Terrace Marshall Jr.,4362630,WR
Terrance Cobb,17126,RB
Terrance Copper,5799,WR
Terrance Ferguson,4570037,TE
Terrance Ganaway,14899,RB
Terrance West,16783,RB
Terrance Williams,15878,WR
Terrell Bynum,4243319,WR
Terrell Jennings,4427600,RB
Terrell Owens,1056,WR
Terrell Watson,2581598,RB
Terrelle Pryor Sr.,14851,WR
Terrence Austin,13312,WR
Terrence Magee,2577283,RB
Terrence Toliver,14571,WR
Terrill Davis,5279633,WR
Terron Ward,2577023,RB
Terry Godwin,3915174,WR
Terry McLaurin,3121422,WR
Terry Swanson,3126113,RB
Terry Wright,4260393,WR
Tervaris Johnson,13511,RB
Tetairoa McMillan,4685472,WR
Tevaun Smith,2979507,WR
Tevin Coleman,2979477,RB
Tevin Jones,2586703,WR
Tevin Reese,16824,WR
Tez Johnson,4608810,WR
Thaddeus Lewis,13606,QB
Thaddeus Moss,4036189,TE
Thayer Thomas,4240121,WR
Theo Johnson,4429148,TE
Theo Riddick,15994,RB
Theo Wease Jr.,4426535,WR
Thomas Clayton,10629,RB
Thomas Duarte,3047558,TE
Thomas Fidone II,4590292,TE
Thomas Gordon,4569615,TE
Thomas Greaney,4366729,TE
Thomas Hennigan,4241004,WR
Thomas Ives,3909300,WR
Thomas Jones,2138,RB
Thomas Odukoya,4363554,TE
Thomas Rawls,2576237,RB
Thomas Weber,14670,K
Thomas Yassmin,4361027,TE
Thyrick Pitts,4248099,WR
Tim Benford,15377,WR
Tim Boyle,3045169,QB
Tim Buckley,13543,WR
Tim Castille,10848,RB
Tim Cook,3930272,RB
Tim DeMorat,4367790,QB
Tim Hightower,11383,RB
Tim Jenkins,16586,QB
Tim Jones,4245131,WR
Tim Patrick,3134353,WR
Tim Semisch,2574931,TE
Tim Tebow,13200,TE
Tim Toone,13474,WR
Tim White,3915403,WR
Tim Wilson,4339828,WR
Tim Wright,16285,TE
Timothy Flanders,17149,RB
Tion Green,2979825,RB
Tip Reiman,4696700,TE
Tiquan Underwood,12600,WR
Titus Ryan,11167,WR
Titus Swen,4430551,RB
Titus Young,14034,WR
Tiyon Evans,4875197,RB
TJ Harden,5086027,RB
TJ Jones,16880,WR
TJ Pledger,4360275,RB
TJ Sheffield,4430470,WR
Toa Taua,4361444,RB
Toby Gerhart,13211,RB
Todd Bouman,1417,QB
Todd Carter,13195,K
Todd Gurley,2977644,RB
Todd Heap,2579,TE
Todd Watkins,9804,WR
Tom Brady,2330,QB
Tom Brandstater,12466,QB
Tom Crabtree,13102,TE
Tom Kennedy,3126997,WR
Tom Savage,16943,QB
Tomarion Harden,5398653,RB
Tommy Bohanon,15973,RB
Tommy DeVito,4240391,QB
Tommy Gallarda,14246,TE
Tommy Hudson,3675550,TE
Tommy Mellott,4775196,WR
Tommy Stevens,3791110,TE
Tommy Streeter,15063,WR
Tommy Sweeney,3122818,TE
Tommy Tremble,4372780,TE
Tommylee Lewis,2574918,WR
Toney Clemons,15118,WR
Tony Brooks-James,3886841,RB
Tony Brown,3915821,WR
Tony Curtis,9434,TE
Tony Fiammetta,12496,RB
Tony Gonzalez,1231,TE
Tony Jones Jr.,4046676,RB
Tony Moeaki,13289,TE
Tony Pike,13201,QB
Tony Poljan,4039271,TE
Tony Pollard,3916148,RB
Tony Romo,5209,QB
Tony Scheffler,9647,TE
Tony Stewart,2696,TE
Tori Gurley,14601,WR
Toriano Clinton,5156010,RB
Torrey Smith,14032,WR
Tory Carter,4242212,RB
Tory Horton,4597703,WR
Tory Humphrey,9450,TE
Tra Carson,2972283,RB
Trace McSorley,3116172,QB
Traeshon Holden,4429172,WR
Travaris Cadet,15457,RB
Travell Harris,4245146,WR
Travin Dural,2976557,WR
Travis Beckum,12532,TE
Travis Benjamin,15062,WR
Travis Coons,17130,K
Travis Dye,4360691,RB
Travis Etienne Jr.,4239996,RB
Travis Fulgham,3139522,WR
Travis Homer,4037457,RB
Travis Hunter,4685415,WR
Travis Jonsen,3886836,WR
Travis Kelce,15847,TE
Travis Koontz,4569391,TE
Travis Rudolph,3122935,WR
Travis Tannahill,16110,TE
Travis Toivonen,4047529,WR
Travis Vokolek,4259324,TE
Travon McMillian,3124074,RB
Tray Session,15578,WR
Trayone Gray,3135736,RB
Trayveon Williams,4035222,RB
Trayvon Rudolph,4433906,WR
Tre Harbison,4039467,RB
Tre Madden,2577245,RB
Tre Mason,16784,RB
Tre McBride,2566041,WR
Tre Mosley,4428063,WR
Tre Nixon,4047648,WR
Tre Stewart,5093062,RB
Tre Tucker,4428718,WR
Tre Turner,4361960,WR
Tre Walker,4242328,WR
Tre Watson,4685784,TE
Tre' Harris,4686612,WR
Tre' McKitty,4240023,TE
Tre'Quan Smith,3128451,WR
Tre'Shaun Harrison,4363046,WR
Trebor Pena,4575862,WR
Trent Battle,4602783,RB
Trent Edwards,10536,QB
Trent Guy,13780,WR
Trent Pennix,4361660,RB
Trent Richardson,14884,RB
Trent Sherfield,3122168,WR
Trent Taylor,3040569,WR
Trenton Cannon,4261020,RB
Trenton Irwin,3931391,WR
Trestan Ebner,4259169,RB
TreVeyon Henderson,4432710,RB
Trevion Thompson,3122838,WR
Trevon Bradford,4042807,WR
Trevon Clark,4569239,WR
Trevon Grimes,4241988,WR
Trevon Wesco,4039253,TE
Trevone Boykin,2575910,QB
TreVontae Hights,3676818,WR
Trevor Davis,2573343,WR
Trevor Etienne,4685350,RB
Trevor Graham,14920,WR
Trevor Lawrence,4360310,QB
Trevor Siemian,2511109,QB
Trevor Vittatoe,14354,QB
Trevor Wood,3134013,TE
Trey Benson,4429275,RB
Trey Burton,16974,TE
Trey Edmunds,2970090,RB
Trey Griffey,2971233,WR
Trey Knox,4567151,TE
Trey Lance,4383351,QB
Trey McBride,4361307,TE
Trey Palmer,4426407,WR
Trey Quinn,3115365,WR
Trey Ragas,4040728,RB
Trey Sermon,4241401,RB
Trey Smack,4869461,K
Trey Watts,17282,RB
Trey Williams,2972282,RB
Trey Wolff,4362170,K
Treylon Burks,4567156,WR
Treyton Welch,4430684,TE
Treyvhon Saunders,5085942,WR
Trindon Holliday,13386,WR
Trinity Benson,4422214,WR
Trishton Jackson,4046715,WR
Tristan Davis,13168,RB
Tristan Vizcaino,3127313,K
Troy Bergeron,10425,WR
Troy Franklin,4431280,WR
Troy Fumagalli,3045264,TE
Troy Hairston,4274040,RB
Troy Mangen,3052991,TE
Troy Niklas,16797,TE
Troy Smith,10617,QB
Troymaine Pope,2983319,RB
Tru Edwards,4875786,WR
Tua Tagovailoa,4241479,QB
Tucker Fisk,4242558,TE
Tucker Kraft,4572680,TE
Tucker McCann,4035098,K
Tulu Griffin,4429153,WR
Tutu Atwell,4360797,WR
Ty Chandler,4242431,RB
Ty Fryfogle,4258238,WR
Ty James,4575116,WR
Ty Johnson,3915411,RB
Ty Montgomery II,2577134,RB
Ty Pezza,5084402,TE
Ty Scott,4362560,WR
Ty Simpson,4685522,QB
Ty'Son Williams,3895827,RB
Tyjae Spears,4428557,RB
Tyjon Lindsey,4240801,WR
Tylan Wallace,4241424,WR
Tyler Adams,4248067,WR
Tyler Allgeier,4373626,RB
Tyler Badie,4362748,RB
Tyler Bass,3917232,K
Tyler Boyd,3045144,WR
Tyler Bray,16252,QB
Tyler Clutts,13945,RB
Tyler Conklin,3915486,TE
Tyler Davis,3914240,TE
Tyler Eifert,15788,TE
Tyler Ervin,2573974,RB
Tyler Gaffney,16838,RB
Tyler Goodson,4429676,RB
Tyler Grisham,12886,WR
Tyler Harrell,4360818,WR
Tyler Higbee,2573401,TE
Tyler Hoosman,4248611,RB
Tyler Hoppes,3121396,TE
Tyler Hudson,4429867,WR
Tyler Huntley,4035671,QB
Tyler Johnson,2310331,WR
Tyler Kahmann,5279793,WR
Tyler Kroft,2582410,TE
Tyler Lockett,2577327,WR
Tyler Loop,4697745,K
Tyler Mabry,3916587,TE
Tyler McDonald,2522169,WR
Tyler Moore,4683119,TE
Tyler Murphy,2516059,WR
Tyler Neville,4695765,TE
Tyler Palko,10719,QB
Tyler Pezza,5398629,TE
Tyler Scott,4565908,WR
Tyler Shough,4360689,QB
Tyler Simmons,4035018,WR
Tyler Simpson,5398546,QB
Tyler Snead,4382578,WR
Tyler Thigpen,10660,QB
Tyler Urban,15363,TE
Tyler Varga,2969294,RB
Tyler Vaughns,4035692,WR
Tyler Warren,4431459,TE
Tyler Wilson,15941,QB
Tyquan Thornton,4362921,WR
Tyre Brady,3123074,WR
Tyree Jackson,3916564,TE
Tyree Mayfield,3125414,TE
Tyreek Hill,3116406,WR
Tyreik McAllister,4589248,WR
Tyrell Shavers,4241476,WR
Tyrell Sutton,12523,RB
Tyrell Williams,2587819,WR
Tyren Montgomery,5103197,WR
Tyrie Cleveland,4034964,WR
Tyrion Davis-Price,4426475,RB
Tyrod Taylor,14163,QB
Tyron Billy-Johnson,3894912,WR
Tyrone Broden,4429313,WR
Tyrone Swoopes,3046705,TE
Tyrone Tracy Jr.,4360516,RB
Tyshaun James,4251826,WR
Tyson Bagent,4434153,QB
Ulysses Bentley IV,4426689,RB
Vai Taua,14535,RB
Valentine Holmes,4421390,RB
Van Jefferson,3930066,WR
Vance McDonald,15853,TE
Velus Jones Jr.,4035693,RB
Ventell Bryant,3138760,WR
Vernon Davis,9592,TE
Verran Tucker,13656,WR
Vick Ballard,14898,RB
Victor Bolden,3056476,WR
Victor Cruz,13553,WR
Vidal Hazelton,14337,WR
Vince Mayle,3052066,TE
Vince Young,9589,QB
Vincent Brown,14027,WR
Vincent Jackson,8475,WR
Vincent Testaverde,4573559,QB
Vinny Anthony II,4869816,WR
Virgil Green,14085,TE
Visanthe Shiancoe,4549,TE
Vonta Leach,6301,RB
Vyncint Smith,3155188,WR
Wallace Miles,15613,WR
Wallace Wright,10137,WR
Walter Powell,16871,WR
Wan'Dale Robinson,4569587,WR
Warren Jackson,4256040,WR
Wayne Gallman,3045127,RB
Wayne Ruby,4603275,WR
Wayne Taulapapa,4370813,RB
Wendall Williams,3933497,WR
Wendell Smallwood,3042429,RB
Wes Hills,3060919,RB
Wes Lyons,13953,WR
Wes Saxton,2972765,TE
Wes Welker,5941,WR
Wesley Grimes,4888723,WR
Weslye Saunders,14306,TE
Whop Philyor,4258235,WR
Wil Lutz,2985659,K
Will Dissly,3127292,TE
Will Ferrin,4880198,K
Will Grier,3115252,QB
Will Hastings,3916927,WR
Will Heller,4972,TE
Will Howard,4429955,QB
Will Johnson,14870,RB
Will Kacmarek,4880236,TE
Will Levis,4361418,QB
Will Mallory,4362523,TE
Will Pauling,4683114,WR
Will Reichard,4567104,K
Will Sheppard,4608679,WR
Will Shipley,4431545,RB
Will Ta'ufo'ou,12850,RB
Will Tye,2512523,TE
William Fuller V,3052876,WR
William Green,15710,RB
William Powell,14432,RB
William Stanback,3054030,RB
Willie Johnson,4043606,WR
Willie Snead IV,17258,WR
Willis McGahee,4481,RB
Wilton Speight,3115966,QB
Winston Wright,4569452,WR
Woody Marks,4429059,RB
Xavier Gipson,4427278,WR
Xavier Grimble,17348,TE
Xavier Guillory,4695910,WR
Xavier Hutchinson,4686422,WR
Xavier Johnson,4385430,WR
Xavier Jones,3916209,RB
Xavier Legette,4430034,WR
Xavier Loyd,4874510,WR
Xavier Omon,11413,RB
Xavier Restrepo,4431353,WR
Xavier Rush,2575416,WR
Xavier Smith,4386544,WR
Xavier Turner,3119996,RB
Xavier Ubosi,4239830,WR
Xavier Weaver,4428811,WR
Xavier White,4569393,WR
Xavier Worthy,4683062,WR
Xazavian Valladay,4240350,RB
Yamon Figurs,10518,WR
Younghoe Koo,3049899,K
Zac Brooks,2977667,RB
Zac Dysert,15935,QB
Zac Robinson,13444,QB
Zac Stacy,15996,RB
Zach Brown,15722,RB
Zach Charbonnet,4426385,RB
Zach Conque,2979985,TE
Zach Davidson,4746079,TE
Zach Ertz,15835,TE
Zach Evans,4685035,RB
Zach Gentry,3929924,TE
Zach Heins,4368315,TE
Zach Hocker,16916,K
Zach Horton,4877824,TE
Zach Line,16366,RB
Zach Mettenberger,16814,QB
Zach Miller,10482,TE
Zach Ojile,5041988,RB
Zach Pascal,2978109,WR
Zach Potter,13011,TE
Zach Sudfeld,16418,TE
Zach Wilson,4361259,QB
Zach Zenner,2521161,RB
Zachariah Branch,4870612,WR
Zack Annexstad,4360936,QB
Zack Kuntz,4361417,TE
Zack Moss,4035676,RB
Zack Pianalto,14567,TE
Zaire Mitchell-Paden,4876006,TE
Zakhari Franklin,4427225,WR
Zamir White,4361777,RB
Zander Horvath,4260406,RB
Zane Gonzalez,3043234,K
ZaQuandre White,4240032,RB
Zavier Scott,4257364,RB
Zavion Thomas,4869748,WR
Zay Flowers,4429615,WR
Zay Jones,3059722,WR
Zay Malone,5143863,WR
Zimari Manning,4389393,WR
Zion Bowens,4613067,WR
Zurlon Tipton,17094,RB
