playerName,status
A.J. Brown,INJURY_RESERVE
A.J. Cann,ACTIVE
A.J. Green,ACTIVE
A.J. Green III,ACTIVE
A.J. Haulcy,ACTIVE
A.J. Klein,ACTIVE
A.J. Moore Jr.,ACTIVE
A.J. Richardson,ACTIVE
A.J. Rose,ACTIVE
A.J. Terrell Jr.,INJURY_RESERVE
A.J. Thomas,ACTIVE
A.J. Woods,ACTIVE
A.T. Perry,ACTIVE
A'Shawn Robinson,ACTIVE
Aamaris Brown,ACTIVE
Aaron Adeoye,ACTIVE
Aaron Anderson,QUESTIONABLE
Aaron Beasley,ACTIVE
Aaron Brewer,ACTIVE
Aaron Casey,ACTIVE
Aaron Colvin,ACTIVE
Aaron Crawford,ACTIVE
Aaron Donald,QUESTIONABLE
Aaron Donkor,ACTIVE
Aaron Dykes,ACTIVE
Aaron Fuller,ACTIVE
Aaron Graves,ACTIVE
Aaron Hall,ACTIVE
Aaron Hansford,ACTIVE
Aaron Jones Sr.,ACTIVE
Aaron Lynch,ACTIVE
Aaron Maddox,ACTIVE
Aaron Parker,ACTIVE
Aaron Patrick,ACTIVE
Aaron Robinson,ACTIVE
Aaron Rodgers,ACTIVE
Aaron Shampklin,ACTIVE
Aaron Smith,QUESTIONABLE
Aaron Stinnie,ACTIVE
Aashari Crosswell,ACTIVE
Abdul Carter,ACTIVE
Abdullah Anderson,ACTIVE
Abraham Beauplan,ACTIVE
Abram Smith,ACTIVE
Abu Daramy-Swaray,ACTIVE
Aca'Cedric Ware,ACTIVE
Ace Eley,ACTIVE
Adam Butler,ACTIVE
Adam Choice,ACTIVE
Adam Gotsis,ACTIVE
Adam Humphries,ACTIVE
Adam Pankey,ACTIVE
Adam Plant,ACTIVE
Adam Prentice,ACTIVE
Adam Randall,INJURY_RESERVE
Adam Redmond,ACTIVE
Adam Shaheen,ACTIVE
Adam Shuler,ACTIVE
Adam Trautman,ACTIVE
Adam Vinatieri,ACTIVE
Adari Haulcy,ACTIVE
Adarius Pickett,ACTIVE
Adarius Taylor,ACTIVE
Ade Aruna,ACTIVE
Adedayo Odeleye,ACTIVE
Adetokunbo Ogundeji,ACTIVE
Adetomiwa Adebawore,ACTIVE
Adin Huntington,ACTIVE
Adisa Isaac,ACTIVE
Adonai Mitchell,OUT
Adonis Alexander,ACTIVE
Adoree' Jackson,ACTIVE
Adrian Amos,ACTIVE
Adrian Clayborn,ACTIVE
Adrian Colbert,ACTIVE
Adrian Frye,ACTIVE
Adrian Martinez,ACTIVE
Adrian Peterson,ACTIVE
Adrian Phillips,ACTIVE
Aeneas Peebles,ACTIVE
Ahkello Witherspoon,ACTIVE
Ahmad Gooden,ACTIVE
Ahmad Thomas,ACTIVE
Ahmad Wagner,ACTIVE
Ahmani Marshall,ACTIVE
Ahmari Harvey,ACTIVE
Ahmed Hassanein,ACTIVE
Aidan Hubbard,ACTIVE
Aidan Hutchinson,ACTIVE
Aidan Keanaaina,QUESTIONABLE
Aidan Laros,ACTIVE
Aidan O'Connell,ACTIVE
Aidan Robbins,ACTIVE
Aiden Fisher,ACTIVE
Ainias Smith,ACTIVE
AJ Barner,ACTIVE
AJ Cole,ACTIVE
AJ Dillon,ACTIVE
AJ Epenesa,ACTIVE
AJ Finley,ACTIVE
AJ Henning,ACTIVE
AJ McCarron,ACTIVE
AJ Parker,ACTIVE
Ajani Carter,ACTIVE
Ajou Ajou,ACTIVE
Akayleb Evans,ACTIVE
Akeem Davis-Gaither,ACTIVE
Akeem Dent,ACTIVE
Akeem King,ACTIVE
Akeem Spence,ACTIVE
Akheem Mesidor,ACTIVE
Akial Byers,ACTIVE
Akiem Hicks,ACTIVE
Al Blades Jr.,ACTIVE
Al Woods,ACTIVE
Al-Quadin Muhammad,ACTIVE
Al'zillion Hamilton,ACTIVE
Alani Pututau,ACTIVE
Albert Huggins,ACTIVE
Albert McClellan,ACTIVE
Albert Okwuegbunam Jr.,ACTIVE
Albert Regis,ACTIVE
Albert Wilson,ACTIVE
Aldon Smith,ACTIVE
Aldrick Rosas,ACTIVE
Ale Kaho,ACTIVE
Alec Holler,ACTIVE
Alec Ingold,QUESTIONABLE
Alec Mock,ACTIVE
Alec Ogletree,ACTIVE
Alec Pierce,INJURY_RESERVE
Alejandro Villanueva,ACTIVE
Aleva Hifo,ACTIVE
Alex Anzalone,ACTIVE
Alex Armah,ACTIVE
Alex Austin,ACTIVE
Alex Bachman,ACTIVE
Alex Barrett,ACTIVE
Alex Brown,ACTIVE
Alex Bullock,ACTIVE
Alex Cappa,ACTIVE
Alex Collins,ACTIVE
Alex Cook,ACTIVE
Alex Ellis,ACTIVE
Alex Erickson,ACTIVE
Alex Gubner,ACTIVE
Alex Hale,ACTIVE
Alex Highsmith,ACTIVE
Alex Huntley,ACTIVE
Alex Johnson,INJURY_RESERVE
Alex Kessman,ACTIVE
Alex Light,ACTIVE
Alex McGough,ACTIVE
Alex Okafor,ACTIVE
Alex Quevedo,ACTIVE
Alex Redmond,ACTIVE
Alex Singleton,ACTIVE
Alex Tecza,ACTIVE
Alex Wesley,ACTIVE
Alex Williams,ACTIVE
Alex Wright,INJURY_RESERVE
Alexander Hollins,ACTIVE
Alexander Johnson,ACTIVE
Alexander Mattison,ACTIVE
Alexander Myres,ACTIVE
Alfonzo Graham,ACTIVE
Alfred Collins,INJURY_RESERVE
Alfred Morris,ACTIVE
Ali Fayad,ACTIVE
Ali Gaye,INJURY_RESERVE
Alijah Clark,QUESTIONABLE
Alijah Holder,ACTIVE
Alijah Huzzie,ACTIVE
Alim McNeill,ACTIVE
Alize Mack,ACTIVE
Allan George,ACTIVE
Allen Bailey,ACTIVE
Allen Hurns,ACTIVE
Allen Lazard,ACTIVE
Allen Robinson,ACTIVE
Allie Green IV,ACTIVE
Alohi Gilman,ACTIVE
Alontae Taylor,ACTIVE
Alphonzo Tuputala,ACTIVE
Alshon Jeffery,ACTIVE
Alton Robinson,ACTIVE
Alvin Kamara,QUESTIONABLE
Amani Bledsoe,ACTIVE
Amani Hooker,OUT
Amani Oruwariye,ACTIVE
Amar Johnson,ACTIVE
Amara Darboh,ACTIVE
Amare Barno,QUESTIONABLE
Amari Burney,ACTIVE
Amari Carter,ACTIVE
Amari Gainer,ACTIVE
Amari Henderson,ACTIVE
Amari McNeill,ACTIVE
Amari Rodgers,ACTIVE
Amba Etta-Tawo,ACTIVE
Ambry Thomas,ACTIVE
Amechi Uzodinma,ACTIVE
Ameer Abdullah,ACTIVE
Ameer Speed,ACTIVE
Amen Ogbongbemiga,ACTIVE
Amik Robertson,ACTIVE
Amon-Ra St. Brown,ACTIVE
Anders Carlson,ACTIVE
Anderson Castle,ACTIVE
Andre Anthony,ACTIVE
Andre Baccellia,QUESTIONABLE
Andre Carter,ACTIVE
Andre Carter II,ACTIVE
Andre Chachere,ACTIVE
Andre Cisco,ACTIVE
Andre Fuller,ACTIVE
Andre Jones Jr.,ACTIVE
Andre Mintze,ACTIVE
Andre Patton,ACTIVE
Andre Roberts,ACTIVE
Andre Smith,ACTIVE
Andre Szmyt,ACTIVE
Andre Williams,ACTIVE
Andre' Sam,INJURY_RESERVE
Andrei Iosivas,INJURY_RESERVE
Andrew Adams,ACTIVE
Andrew Armstrong,ACTIVE
Andrew Beck,ACTIVE
Andrew Billings,ACTIVE
Andrew Booth,ACTIVE
Andrew Brown,ACTIVE
Andrew DePaola,ACTIVE
Andrew Donnal,ACTIVE
Andrew Dowell,ACTIVE
Andrew Farmer II,INJURY_RESERVE
Andrew Hayes,ACTIVE
Andrew Mevis,ACTIVE
Andrew Mukuba,ACTIVE
Andrew Norwell,ACTIVE
Andrew Parchment,ACTIVE
Andrew Parker Jr.,ACTIVE
Andrew Peasley,ACTIVE
Andrew Sendejo,ACTIVE
Andrew Soroh,ACTIVE
Andrew Van Ginkel,ACTIVE
Andrew Vollert,ACTIVE
Andrew Whitaker,ACTIVE
Andrew Wingard,OUT
Andrew Wylie,ACTIVE
Andrus Peat,ACTIVE
Andrzej Hughes-Murray,ACTIVE
Andy Borregales,ACTIVE
Andy Dalton,ACTIVE
Andy Isabella,ACTIVE
Andy Janovich,ACTIVE
Andy Jones,ACTIVE
Andy Lee,ACTIVE
Anfernee Jennings,OUT
Anfernee Orji,ACTIVE
Angelo Blackson,ACTIVE
Anquin Barnes Jr.,ACTIVE
Anterio Thompson,OUT
Anthony Averett,ACTIVE
Anthony Brown,ACTIVE
Anthony Brown Jr.,ACTIVE
Anthony Campbell,QUESTIONABLE
Anthony Chesley,ACTIVE
Anthony Chickillo,ACTIVE
Anthony Cioffi,ACTIVE
Anthony Cook,ACTIVE
Anthony Dunn Jr.,ACTIVE
Anthony Firkser,QUESTIONABLE
Anthony Goodlow,ACTIVE
Anthony Gordon,ACTIVE
Anthony Gould,ACTIVE
Anthony Hankerson,ACTIVE
Anthony Harris,ACTIVE
Anthony Hill,ACTIVE
Anthony Hill Jr.,ACTIVE
Anthony Hines III,ACTIVE
Anthony Hitchens,ACTIVE
Anthony Johnson,ACTIVE
Anthony Johnson Jr.,ACTIVE
Anthony Jones,ACTIVE
Anthony Kendall,ACTIVE
Anthony Landphere,ACTIVE
Anthony Lanier II,ACTIVE
Anthony Levine Sr.,ACTIVE
Anthony Lucas,ACTIVE
Anthony McFarland Jr.,ACTIVE
Anthony Miller,ACTIVE
Anthony Montalvo,ACTIVE
Anthony Moten,ACTIVE
Anthony Nelson,ACTIVE
Anthony Pittman,ACTIVE
Anthony Ratliff-Williams,ACTIVE
Anthony Richardson Sr.,ACTIVE
Anthony Rush,ACTIVE
Anthony Sao,ACTIVE
Anthony Smith,ACTIVE
Anthony Torres,QUESTIONABLE
Anthony Turner,ACTIVE
Anthony Tyus III,ACTIVE
Anthony Walker Jr.,ACTIVE
Anthony Winbush,ACTIVE
Anthony Witherstone,ACTIVE
Antoine Bethea,ACTIVE
Antoine Brooks Jr.,ACTIVE
Antoine Green,ACTIVE
Antoine Wesley,ACTIVE
Antoine Winfield Jr.,OUT
Antonio Brown,ACTIVE
Antonio Callaway,ACTIVE
Antonio Gibson,QUESTIONABLE
Antonio Grier Jr.,ACTIVE
Antonio Hamilton Sr.,ACTIVE
Antonio Johnson,ACTIVE
Antonio Moultrie,ACTIVE
Antonio Nunn,ACTIVE
Antonio Phillips,ACTIVE
Antonio Valentino,ACTIVE
Antonio Williams,ACTIVE
Antony Auclair,ACTIVE
Antwane Wells Jr.,ACTIVE
Antwaun Powell-Ryland,ACTIVE
Antwaun Woods,ACTIVE
Antwuan Jackson,ACTIVE
Aqib Talib,ACTIVE
Ar'Darius Washington,ACTIVE
Arden Key,OUT
Arden Walker,ACTIVE
Arian Smith,INJURY_RESERVE
Arik Armstead,ACTIVE
Armani Marsh,ACTIVE
Armani Rogers,ACTIVE
Armani Watts,ACTIVE
Armon Watts,ACTIVE
Arnold Ebiketie,ACTIVE
Aron Cruickshank,ACTIVE
Arquon Bush,ACTIVE
Arron Mosby,ACTIVE
Arryn Siposs,ACTIVE
Art Green,ACTIVE
Artavis Pierce,ACTIVE
Artavis Scott,ACTIVE
Artayvious Lynn,ACTIVE
Arthur Maulet,ACTIVE
Artie Burns,QUESTIONABLE
Arvell Reese,ACTIVE
Asante Samuel Jr.,ACTIVE
Ashton Dulin,QUESTIONABLE
Ashton Gillotte,ACTIVE
Ashton Jeanty,QUESTIONABLE
Ashtyn Davis,ACTIVE
Asmar Bilal,ACTIVE
Athan Kaliakmanis,ACTIVE
Aubrey Miller II,ACTIVE
Auden Tate,ACTIVE
Audric Estime,ACTIVE
Augustus Contressa,ACTIVE
Austin Ajiake,ACTIVE
Austin Allen,ACTIVE
Austin Aune,ACTIVE
Austin Booker,ACTIVE
Austin Brown,ACTIVE
Austin Bryant,ACTIVE
Austin Calitro,ACTIVE
Austin Carr,ACTIVE
Austin Corbett,ACTIVE
Austin Edwards,ACTIVE
Austin Ekeler,ACTIVE
Austin Faoliu,ACTIVE
Austin Fort,ACTIVE
Austin Hooper,ACTIVE
Austin Johnson,ACTIVE
Austin Jones,ACTIVE
Austin Keys,ACTIVE
Austin Larkin,ACTIVE
Austin MacGinnis,ACTIVE
Austin Mack,ACTIVE
Austin McNamara,ACTIVE
Austin Reed,ACTIVE
Austin Rehkow,ACTIVE
Austin Roberts,ACTIVE
Austin Schlottmann,ACTIVE
Austin Seibert,ACTIVE
Austin Stogner,ACTIVE
Austin Trammell,ACTIVE
Austin Walter,ACTIVE
Austin Watkins Jr.,ACTIVE
Austrian Robinson,ACTIVE
Auzoyah Alufohai,ACTIVE
Avery Davis,ACTIVE
Avery Moss,ACTIVE
Avery Smith,ACTIVE
Avery Williams,ACTIVE
Avery Williamson,ACTIVE
Avery Young,ACTIVE
Aviante Collins,ACTIVE
Avieon Terrell,ACTIVE
Avonte Maddox,INJURY_RESERVE
Aydan White,ACTIVE
Ayden Garnes,ACTIVE
Ayir Asante,ACTIVE
Ayo Oyelola,ACTIVE
Azareye'h Thomas,ACTIVE
Azeez Al-Shaair,QUESTIONABLE
Azeez Ojulari,ACTIVE
Azizi Hearn,ACTIVE
Azur Kamara,ACTIVE
B.J. Baylor,ACTIVE
B.J. Bello,ACTIVE
B.J. Finney,ACTIVE
B.J. Green II,INJURY_RESERVE
B.J. Hill,QUESTIONABLE
B.T. Potter,ACTIVE
B.W. Webb,ACTIVE
Bailey Gaither,ACTIVE
Bailey Zappe,ACTIVE
Baker Mayfield,OUT
Bam Knight,ACTIVE
Bam Martin-Scott,INJURY_RESERVE
Bangally Kamara,ACTIVE
Barika Kpeenu,ACTIVE
Barion Brown,QUESTIONABLE
Barkevious Mingo,ACTIVE
Baron Browning,ACTIVE
Barrett Carter,ACTIVE
Barrington Wade,ACTIVE
Barryn Sorrell,ACTIVE
Bashaud Breeland,ACTIVE
Bauer Sharp,ACTIVE
Baylon Spector,ACTIVE
Baylor Cupp,ACTIVE
Beanie Bishop Jr.,INJURY_RESERVE
Beau Allen,ACTIVE
Beau Brade,ACTIVE
Beau Brinkley,ACTIVE
Beaux Collins,INJURY_RESERVE
Behren Morton,ACTIVE
Bejour Wilson,ACTIVE
Ben Banogu,ACTIVE
Ben Barten,ACTIVE
Ben Beise,ACTIVE
Ben Braden,ACTIVE
Ben Braunecker,ACTIVE
Ben Bryant,ACTIVE
Ben Burr-Kirven,ACTIVE
Ben DeLuca,ACTIVE
Ben DiNucci,ACTIVE
Ben Garland,ACTIVE
Ben Gedeon,ACTIVE
Ben Ijalana,ACTIVE
Ben Koyack,ACTIVE
Ben Mason,ACTIVE
Ben Niemann,ACTIVE
Ben Nikkel,ACTIVE
Ben Patterson,ACTIVE
Ben Sauls,ACTIVE
Ben Sims,QUESTIONABLE
Ben Sinnott,ACTIVE
Ben Skowronek,ACTIVE
Ben Stille,ACTIVE
Ben VanSumeren,ACTIVE
Ben Wooldridge,ACTIVE
Ben Yurosek,INJURY_RESERVE
Benardrick McKinney,ACTIVE
Benito Jones,ACTIVE
Benjamin Morrison,OUT
Benjamin St-Juste,ACTIVE
Benjie Franklin,ACTIVE
Bennett Jackson,ACTIVE
Bennett Williams,ACTIVE
Bennie Fowler,ACTIVE
Benning Potoa'e,ACTIVE
Benny LeMay,ACTIVE
Benny Sapp III,ACTIVE
Benny Snell Jr.,ACTIVE
Benson Mayowa,ACTIVE
Benton Whitley,ACTIVE
Bernard Gooden,ACTIVE
Bernhard Seikovits,ACTIVE
Bhayshul Tuten,ACTIVE
Big Kat Bryant,ACTIVE
Bijan Robinson,ACTIVE
Bilal Nichols,QUESTIONABLE
Bilal Powell,ACTIVE
Bilhal Kone,INJURY_RESERVE
Bill Murray,ACTIVE
Bill Norton,ACTIVE
Billy Bowman Jr.,ACTIVE
Billy Brown,ACTIVE
Billy Price,ACTIVE
Billy Turner,ACTIVE
Billy Winn,ACTIVE
Binjimen Victor,ACTIVE
Bishop Fitzgerald,ACTIVE
Bisi Johnson,ACTIVE
BJ Adams,ACTIVE
BJ Emmons,ACTIVE
BJ Mayes,ACTIVE
BJ Ojulari,ACTIVE
BJ Thompson,ACTIVE
Blaine Gabbert,ACTIVE
Blair Walsh,ACTIVE
Blake Bell,ACTIVE
Blake Bortles,ACTIVE
Blake Cashman,ACTIVE
Blake Corum,ACTIVE
Blake Cotton,QUESTIONABLE
Blake Countess,ACTIVE
Blake Gallagher,ACTIVE
Blake Gillikin,ACTIVE
Blake Grupe,ACTIVE
Blake Haubeil,ACTIVE
Blake Jackson,ACTIVE
Blake Lynch,ACTIVE
Blake Mangelson,ACTIVE
Blake Martinez,ACTIVE
Blake Proehl,ACTIVE
Blake Watson,ACTIVE
Blake Whiteheart,ACTIVE
Blayne Taylor,ACTIVE
Bless Austin,ACTIVE
Blidi Wreh-Wilson,ACTIVE
Bo Bauer,ACTIVE
Bo Melton,ACTIVE
Bo Nix,ACTIVE
Bo Richter,ACTIVE
Bo Scarbrough,ACTIVE
Bobby Brown III,ACTIVE
Bobby Hart,ACTIVE
Bobby Holly,ACTIVE
Bobby Jamison-Travis,ACTIVE
Bobby Massie,ACTIVE
Bobby McCain,ACTIVE
Bobby Okereke,ACTIVE
Bobby Price,ACTIVE
Bobby Wagner,ACTIVE
Boogie Basham,ACTIVE
Bookie Radley-Hiles,ACTIVE
BoPete Keyes,ACTIVE
Boston Scott,ACTIVE
Boye Mafe,ACTIVE
Brad Hawkins,ACTIVE
Brad Robbins,ACTIVE
Brad Seaton,ACTIVE
Brad Wing,ACTIVE
Braden Fiske,ACTIVE
Braden Mann,ACTIVE
Braden Smith,INJURY_RESERVE
Bradlee Anae,ACTIVE
Bradley Chubb,ACTIVE
Bradley McDougald,ACTIVE
Bradley Pinion,ACTIVE
Bradley Roby,ACTIVE
Bradley Sowell,ACTIVE
Brady Boyd,ACTIVE
Brady Cook,ACTIVE
Brady Russell,ACTIVE
Brady Sheldon,ACTIVE
Bradyn Swinson,ACTIVE
Braelon Allen,ACTIVE
Braiden McGregor,INJURY_RESERVE
Bralen Trahan,ACTIVE
Bralen Trice,ACTIVE
Bralon Addison,ACTIVE
Bralyn Lux,ACTIVE
Branden Jackson,ACTIVE
Brandin Bryant,ACTIVE
Brandin Cooks,ACTIVE
Brandin Dandridge,ACTIVE
Brandin Echols,ACTIVE
Brandon Aiyuk,OUT
Brandon Allen,ACTIVE
Brandon Aubrey,ACTIVE
Brandon Bolden,ACTIVE
Brandon Bouyer-Randle,ACTIVE
Brandon Carr,ACTIVE
Brandon Chubb,ACTIVE
Brandon Cisse,ACTIVE
Brandon Cleveland,ACTIVE
Brandon Codrington,ACTIVE
Brandon Copeland,ACTIVE
Brandon Crossley,ACTIVE
Brandon Dillon,ACTIVE
Brandon Dorlus,ACTIVE
Brandon Dunn,ACTIVE
Brandon Facyson,ACTIVE
Brandon Frazier,ACTIVE
Brandon George,ACTIVE
Brandon Graham,ACTIVE
Brandon Hayes,ACTIVE
Brandon Hill,ACTIVE
Brandon Johnson,ACTIVE
Brandon Jones,ACTIVE
Brandon Joseph,ACTIVE
Brandon King,ACTIVE
Brandon Lewis,ACTIVE
Brandon Matterson,ACTIVE
Brandon McManus,ACTIVE
Brandon Parker,ACTIVE
Brandon Peters,ACTIVE
Brandon Pili,ACTIVE
Brandon Polk,ACTIVE
Brandon Powell,ACTIVE
Brandon Rusnak,ACTIVE
Brandon Sebastian,ACTIVE
Brandon Shell,ACTIVE
Brandon Smith,ACTIVE
Brandon Stephens,ACTIVE
Brandon Wellington,ACTIVE
Brandon Williams,ACTIVE
Brandon Wilson,ACTIVE
Brandon Wright,ACTIVE
Brandon Zylstra,ACTIVE
Branson Combs,ACTIVE
Branson Deen,ACTIVE
Brashard Smith,ACTIVE
Bravvion Roy,ACTIVE
Braxton Berrios,INJURY_RESERVE
Braxton Burmeister,ACTIVE
Braxton Hoyett,ACTIVE
Braxton Westfield,ACTIVE
Brayden Lenius,ACTIVE
Brayden Narveson,ACTIVE
Brayden Thomas,ACTIVE
Brayden Willis,ACTIVE
Braydon Johnson,ACTIVE
Braylon Sanders,ACTIVE
Breece Hall,OUT
Breeland Speaks,ACTIVE
Breiden Fehoko,ACTIVE
Brenden Bates,ACTIVE
Brenden Knox,ACTIVE
Brenden Rice,ACTIVE
Brenden Schooler,OUT
Brendon White,ACTIVE
Brenen Thompson,QUESTIONABLE
Brennan Eagles,ACTIVE
Brennan Jackson,INJURY_RESERVE
Brennan Presley,ACTIVE
Brennan Scarlett,ACTIVE
Brent Austin,ACTIVE
Brent Qvale,ACTIVE
Brent Urban,ACTIVE
Brenton Cox Jr.,ACTIVE
Brenton Strange,ACTIVE
Breon Borders,ACTIVE
Breshad Perriman,ACTIVE
Brett Gabbert,ACTIVE
Brett Hundley,ACTIVE
Brett Jones,ACTIVE
Brett Kern,ACTIVE
Brett Maher,ACTIVE
Brett Rypien,ACTIVE
Brett Thorson,ACTIVE
Brevin Allen,ACTIVE
Brevin Easton,ACTIVE
Brevin Jordan,ACTIVE
Brevyn Spann-Ford,ACTIVE
Brian Allen,ACTIVE
Brian Asamoah II,ACTIVE
Brian Branch,OUT
Brian Burns,INJURY_RESERVE
Brian Cobbs,ACTIVE
Brian Cole,ACTIVE
Brian Herrien,ACTIVE
Brian Hill,ACTIVE
Brian Hoyer,ACTIVE
Brian Johnson,ACTIVE
Brian Lewerke,ACTIVE
Brian O'Neill,QUESTIONABLE
Brian Peters,ACTIVE
Brian Poole,ACTIVE
Brian Robinson Jr.,ACTIVE
Brian Thomas Jr.,ACTIVE
Brian Walker,ACTIVE
Brian Winters,ACTIVE
Briean Boddy-Calhoun,ACTIVE
Brien Taylor,QUESTIONABLE
Briley Moore,ACTIVE
Britain Covey,ACTIVE
British Brooks,INJURY_RESERVE
Brittain Brown,INJURY_RESERVE
Britton Colquitt,ACTIVE
Broc Rutter,ACTIVE
Brock Bowers,ACTIVE
Brock Lampe,ACTIVE
Brock Martin,ACTIVE
Brock Miller,ACTIVE
Brock Mogensen,ACTIVE
Brock Purdy,ACTIVE
Brock Rechsteiner,SUSPENSION
Brock Wright,ACTIVE
Broderick Washington Jr.,ACTIVE
Brodric Martin-Rhodes,ACTIVE
Brogan Roback,ACTIVE
Bronson Kaufusi,ACTIVE
Bronson Rechsteiner,ACTIVE
Brontae Harris,ACTIVE
Brooks Reed,ACTIVE
Bruce Anderson,ACTIVE
Bruce Harmon,QUESTIONABLE
Bruce Hector,ACTIVE
Bruce Irvin,ACTIVE
Bruce Miller,ACTIVE
Bruno Labelle,ACTIVE
Bryan Anger,ACTIVE
Bryan Bresee,INJURY_RESERVE
Bryan Cook,QUESTIONABLE
Bryan Cox,ACTIVE
Bryan Edwards,ACTIVE
Bryan London II,ACTIVE
Bryan Mills,ACTIVE
Bryan Mone,ACTIVE
Bryan Thomas,ACTIVE
Bryan Thomas Jr.,ACTIVE
Bryan Thompson,ACTIVE
Bryan Witzmann,ACTIVE
Bryan Wright,ACTIVE
Bryant Mitchell,ACTIVE
Bryce Baringer,INJURY_RESERVE
Bryce Boettcher,ACTIVE
Bryce Callahan,ACTIVE
Bryce Cosby,ACTIVE
Bryce Ford-Wheaton,QUESTIONABLE
Bryce Ganious,ACTIVE
Bryce Hager,ACTIVE
Bryce Hall,ACTIVE
Bryce Lance,ACTIVE
Bryce Love,ACTIVE
Bryce Notree,ACTIVE
Bryce Oliver,ACTIVE
Bryce Perkins,ACTIVE
Bryce Phillips,ACTIVE
Bryce Pierre,ACTIVE
Bryce Rodgers,ACTIVE
Bryce Sterk,ACTIVE
Bryce Thompson,ACTIVE
Bryce Watts,ACTIVE
Bryce Williams,ACTIVE
Bryce Young,ACTIVE
Brycen Hopkins,ACTIVE
Brycen Tremayne,ACTIVE
Brynden Trawick,ACTIVE
Bryson Eason,ACTIVE
Bryson Green,ACTIVE
Bryson Nesbit,QUESTIONABLE
Bryson Young,ACTIVE
Bub Means,ACTIVE
Bubba Bolden,ACTIVE
Bubba Thomas,ACTIVE
Bucky Irving,ACTIVE
Bud Clark,INJURY_RESERVE
Bud Dupree,ACTIVE
Budda Baker,ACTIVE
Buddha Jones,ACTIVE
Buddy Howell,ACTIVE
Buddy Johnson,ACTIVE
Bug Howard,ACTIVE
Bumper Pool,ACTIVE
Byron Cowart,ACTIVE
Byron Murphy II,ACTIVE
Byron Murphy Jr.,ACTIVE
Byron Pringle,ACTIVE
Byron Vaughns,ACTIVE
Byron Young,ACTIVE
C.J. Avery,ACTIVE
C.J. Beathard,ACTIVE
C.J. Board,ACTIVE
C.J. Brewer,ACTIVE
C.J. Coldon Jr.,ACTIVE
C.J. Conrad,ACTIVE
C.J. Gardner-Johnson,ACTIVE
C.J. Goodwin,ACTIVE
C.J. Henderson,ACTIVE
C.J. Johnson,ACTIVE
C.J. Moore,ACTIVE
C.J. Mosley,ACTIVE
C.J. Prosise,ACTIVE
C.J. Ravenell,ACTIVE
C.J. Saunders,ACTIVE
C.J. Stroud,ACTIVE
C.J. Uzomah,ACTIVE
C.J. West,INJURY_RESERVE
Cade Brewer,ACTIVE
Cade Denhoff,ACTIVE
Cade Johnson,ACTIVE
Cade Klubnik,ACTIVE
Cade McDonald,ACTIVE
Cade Otton,ACTIVE
Cade Stover,ACTIVE
Cade York,ACTIVE
Caden Curry,ACTIVE
Caden Davis,ACTIVE
Caden Fordham,ACTIVE
Caden Prieskorn,ACTIVE
Caden Sterns,ACTIVE
Caelen Carson,ACTIVE
Caesar Dancy-Williams,ACTIVE
Caeveon Patton,ACTIVE
Cairo Santos,ACTIVE
Calais Campbell,ACTIVE
Cale Garrett,ACTIVE
Caleb Banks,ACTIVE
Caleb Benenoch,ACTIVE
Caleb Biggers,ACTIVE
Caleb Douglas,QUESTIONABLE
Caleb Downs,ACTIVE
Caleb Farley,ACTIVE
Caleb Huntley,ACTIVE
Caleb Johnson,ACTIVE
Caleb Lohner,INJURY_RESERVE
Caleb Murphy,ACTIVE
Caleb Offord,ACTIVE
Caleb Ransaw,INJURY_RESERVE
Caleb Repp,ACTIVE
Caleb Sampson,ACTIVE
Caleb Sanders,ACTIVE
Caleb Scott,ACTIVE
Caleb Shudak,ACTIVE
Caleb Williams,QUESTIONABLE
Caleb Wilson,ACTIVE
Calen Bullock,ACTIVE
Calijah Kancey,ACTIVE
Caliph Brice,ACTIVE
Calvin Austin III,INJURY_RESERVE
Calvin Avery,ACTIVE
Calvin Bundage,ACTIVE
Calvin Jackson,ACTIVE
Calvin Munson,ACTIVE
Calvin Ridley,ACTIVE
Calvin Taylor,ACTIVE
Calvin Tyler Jr.,ACTIVE
Cam Akers,ACTIVE
Cam Allen,ACTIVE
Cam Bright,ACTIVE
Cam Brown,ACTIVE
Cam Bynum,ACTIVE
Cam Camper,ACTIVE
Cam Fleming,ACTIVE
Cam Gill,ACTIVE
Cam Grandy,ACTIVE
Cam Hart,QUESTIONABLE
Cam Horsley,ACTIVE
Cam Jackson,QUESTIONABLE
Cam Johnson,ACTIVE
Cam Jones,ACTIVE
Cam Lampkin,ACTIVE
Cam Lewis,ACTIVE
Cam Little,ACTIVE
Cam Miller,ACTIVE
Cam Murray,ACTIVE
Cam Rice,ACTIVE
Cam Riley,ACTIVE
Cam Robinson,ACTIVE
Cam Sims,ACTIVE
Cam Skattebo,QUESTIONABLE
Cam Smith,ACTIVE
Cam Sutton,ACTIVE
Cam Taylor-Britt,ACTIVE
Cam Ward,ACTIVE
Cam'Ron Silmon-Craig,ACTIVE
Cam'Ron Stewart,ACTIVE
Camden Brown,OUT
Cameron Ball,ACTIVE
Cameron Batson,ACTIVE
Cameron Brate,ACTIVE
Cameron Dantzler Sr.,ACTIVE
Cameron Dicker,ACTIVE
Cameron Dorner,ACTIVE
Cameron Erving,ACTIVE
Cameron Goode,ACTIVE
Cameron Heyward,ACTIVE
Cameron Johnston,ACTIVE
Cameron Jordan,ACTIVE
Cameron Kinley,ACTIVE
Cameron Latu,ACTIVE
Cameron McCutcheon,ACTIVE
Cameron McGrone,ACTIVE
Cameron Mitchell,INJURY_RESERVE
Cameron Nizialek,ACTIVE
Cameron Robertson,ACTIVE
Cameron Ross,ACTIVE
Cameron Sample,ACTIVE
Cameron Scarlett,ACTIVE
Cameron Sutton,ACTIVE
Cameron Thomas,ACTIVE
Cameron Tom,ACTIVE
Cameron Young,ACTIVE
Camerun Peoples,ACTIVE
Camren McDonald,ACTIVE
Camron Peterson,ACTIVE
Car'lin Vigers,ACTIVE
Caraun Reid,ACTIVE
Carl Bradford,ACTIVE
Carl Davis Jr.,ACTIVE
Carl Granderson,ACTIVE
Carl Jones,ACTIVE
Carl Lawson,ACTIVE
Carl Tucker,ACTIVE
Carlins Platel,ACTIVE
Carlo Kemp,ACTIVE
Carlos Allen,ACTIVE
Carlos Allen Jr.,ACTIVE
Carlos Davis,ACTIVE
Carlos Dunlap,ACTIVE
Carlos Washington Jr.,ACTIVE
Carlos Watkins,ACTIVE
Carlton Davis III,OUT
Carlton Johnson,ACTIVE
Carnell Tate,QUESTIONABLE
Carrington Valentine,ACTIVE
Carsen Ryan,OUT
Carson Beck,ACTIVE
Carson Bruener,ACTIVE
Carson Meier,ACTIVE
Carson Schwesinger,ACTIVE
Carson Steele,ACTIVE
Carson Strong,ACTIVE
Carson Taylor,ACTIVE
Carson Tinker,ACTIVE
Carson Towt,INJURY_RESERVE
Carson Wells,ACTIVE
Carson Wentz,ACTIVE
Carson Williams,ACTIVE
Carter Bradley,QUESTIONABLE
Carter Coughlin,ACTIVE
Carter Runyon,INJURY_RESERVE
Cary Angeline,ACTIVE
Case Cookus,ACTIVE
Case Keenum,ACTIVE
Casey Bauman,ACTIVE
Casey Hayward,ACTIVE
Casey Kreiter,ACTIVE
Casey Rogers,ACTIVE
Casey Toohill,ACTIVE
Casey Washington,ACTIVE
Cash Jones,ACTIVE
Cashion Jones,ACTIVE
Cashius Howell,ACTIVE
Cassanova McKinzy,ACTIVE
Cassh Maluia,ACTIVE
Cassius Marsh,ACTIVE
Caullin Lacy,QUESTIONABLE
Caushaud Lyons,ACTIVE
Cedric Boswell,ACTIVE
Cedric Gray,ACTIVE
Cedric Johnson,ACTIVE
Cedric Ogbuehi,ACTIVE
Cedric Tillman,QUESTIONABLE
Cedrick Lang,ACTIVE
Cedrick Lattimore,ACTIVE
Cedrick Wilson,ACTIVE
Cedrick Wilson Jr.,QUESTIONABLE
CeeDee Lamb,QUESTIONABLE
Cephus Johnson III,ACTIVE
Ceyair Wright,ACTIVE
Chad Beebe,ACTIVE
Chad Kelly,ACTIVE
Chad Muma,ACTIVE
Chad Ryland,ACTIVE
Chad Slade,ACTIVE
Chad Thomas,ACTIVE
Chad Wheeler,ACTIVE
Chad Williams,ACTIVE
Chamarri Conner,ACTIVE
Chamon Metayer,ACTIVE
Chance Campbell,OUT
Chance Warmack,ACTIVE
Chandler Brayboy,ACTIVE
Chandler Catanzaro,ACTIVE
Chandler Cox,ACTIVE
Chandler Jones,ACTIVE
Chandler Martin,ACTIVE
Chandler Morris,ACTIVE
Chandler Rivers,ACTIVE
Chandon Sullivan,ACTIVE
Changa Hodge,ACTIVE
Channing Canada,OUT
Channing Stribling,ACTIVE
Channing Tindall,ACTIVE
Channing Ward,ACTIVE
Chapelle Russell,ACTIVE
Charles Clay,ACTIVE
Charles Demmings,OUT
Charles Harris,ACTIVE
Charles Hawkins,ACTIVE
Charles James II,ACTIVE
Charles Jones,ACTIVE
Charles Omenihu,QUESTIONABLE
Charles Scarff,ACTIVE
Charles Snowden,ACTIVE
Charles Tapper,ACTIVE
Charles Washington,ACTIVE
Charles Woods,QUESTIONABLE
Charleston Rambo,ACTIVE
Charley Hughlett,ACTIVE
Charlie Jones,ACTIVE
Charlie Kolar,QUESTIONABLE
Charlie Smyth,ACTIVE
Charlie Taumoepeau,ACTIVE
Charlie Thomas III,ACTIVE
Charlie Woerner,ACTIVE
Charone Peake,ACTIVE
Charvarius Ward,QUESTIONABLE
Chase Allen,ACTIVE
Chase Brown,ACTIVE
Chase Claypool,ACTIVE
Chase Cota,ACTIVE
Chase Curtis,QUESTIONABLE
Chase Daniel,ACTIVE
Chase Edmonds,ACTIVE
Chase Garbers,ACTIVE
Chase Hansen,ACTIVE
Chase Harrell,ACTIVE
Chase Lucas,QUESTIONABLE
Chase McLaughlin,ACTIVE
Chase Roberts,QUESTIONABLE
Chase Roullier,ACTIVE
Chase Williams,ACTIVE
Chase Wilson,ACTIVE
Chase Winovich,ACTIVE
Chase Young,ACTIVE
Chau Smith-Wade,ACTIVE
Chauncey Golston,OUT
Chauncey Manac,ACTIVE
Chauncey Rivers,ACTIVE
Chaz Chambliss,ACTIVE
Chaz Green,ACTIVE
Chazz Surratt,QUESTIONABLE
Chelen Garnes,ACTIVE
Chester Rogers,ACTIVE
Chevan Cordeiro,ACTIVE
Cheyenne O'Grady,ACTIVE
Chidobe Awuzie,ACTIVE
Chig Okonkwo,QUESTIONABLE
Chigozie Anusiem,INJURY_RESERVE
Chimere Dike,ACTIVE
Chip Trayanum,INJURY_RESERVE
Chop Robinson,ACTIVE
Chris Banjo,ACTIVE
Chris Bell,QUESTIONABLE
Chris Blair,ACTIVE
Chris Blewitt,ACTIVE
Chris Board,QUESTIONABLE
Chris Boswell,ACTIVE
Chris Braswell,ACTIVE
Chris Brazzell II,INJURY_RESERVE
Chris Brooks,OUT
Chris Clark,ACTIVE
Chris Claybrooks,ACTIVE
Chris Coleman,ACTIVE
Chris Collier,INJURY_RESERVE
Chris Collins,ACTIVE
Chris Cooper,ACTIVE
Chris Evans,ACTIVE
Chris Finke,ACTIVE
Chris Freeman,ACTIVE
Chris Garrett,ACTIVE
Chris Godwin Jr.,ACTIVE
Chris Harris Jr.,ACTIVE
Chris Herndon,ACTIVE
Chris Hilton Jr.,ACTIVE
Chris Hubbard,ACTIVE
Chris Jackson,ACTIVE
Chris Johnson,ACTIVE
Chris Jones,ACTIVE
Chris Lacy,ACTIVE
Chris Lammons,QUESTIONABLE
Chris Landrum,ACTIVE
Chris Manhertz,QUESTIONABLE
Chris McClellan,ACTIVE
Chris McDonald,ACTIVE
Chris Miller,ACTIVE
Chris Milton,ACTIVE
Chris Moore,ACTIVE
Chris Myarick,ACTIVE
Chris Naggar,ACTIVE
Chris Odom,ACTIVE
Chris Okoye,ACTIVE
Chris Oladokun,QUESTIONABLE
Chris Olave,ACTIVE
Chris Orr,ACTIVE
Chris Paul Jr.,ACTIVE
Chris Peace,ACTIVE
Chris Pierce Jr.,ACTIVE
Chris Reed,ACTIVE
Chris Rodriguez Jr.,ACTIVE
Chris Roland-Wallace,ACTIVE
Chris Rowland,ACTIVE
Chris Rumph II,ACTIVE
Chris Russell,ACTIVE
Chris Slayton,ACTIVE
Chris Smith,ACTIVE
Chris Smith II,QUESTIONABLE
Chris Steele,ACTIVE
Chris Streveler,ACTIVE
Chris Thomas,ACTIVE
Chris Thompson,ACTIVE
Chris Tyree,ACTIVE
Chris Warren,ACTIVE
Chris Westry,ACTIVE
Chris Wilcox,ACTIVE
Chris Williams,ACTIVE
Chris Williamson,ACTIVE
Chris Wormley,ACTIVE
Christen Miller,ACTIVE
Christian Albright,ACTIVE
Christian Allen,ACTIVE
Christian Angulo,ACTIVE
Christian Barmore,QUESTIONABLE
Christian Benford,QUESTIONABLE
Christian Blake,ACTIVE
Christian Braswell,INJURY_RESERVE
Christian Covington,ACTIVE
Christian DiLauro,ACTIVE
Christian Dowell,ACTIVE
Christian Elliss,QUESTIONABLE
Christian Gonzalez,OUT
Christian Harris,ACTIVE
Christian Holmes,ACTIVE
Christian Izien,ACTIVE
Christian Jones,ACTIVE
Christian Kirk,INJURY_RESERVE
Christian Kirksey,ACTIVE
Christian Kuntz,ACTIVE
Christian Matthew,ACTIVE
Christian McCaffrey,ACTIVE
Christian McCarroll,ACTIVE
Christian Miller,ACTIVE
Christian Morgan,ACTIVE
Christian Ringo,ACTIVE
Christian Rozeboom,ACTIVE
Christian Sam,ACTIVE
Christian Scotland-Williamson,ACTIVE
Christian Sims,ACTIVE
Christian Trahan,ACTIVE
Christian Uphoff,ACTIVE
Christian Wade,ACTIVE
Christian Watson,ACTIVE
Christian Wilkins,QUESTIONABLE
Christian Williams,ACTIVE
Christian Young,ACTIVE
Christine Michael,ACTIVE
Christopher Allen,ACTIVE
Christopher Dunn,ACTIVE
Christopher Edmonds,ACTIVE
Christopher Hilton,ACTIVE
Christopher Hinton,ACTIVE
Chuba Hubbard,ACTIVE
Chuck Clark,ACTIVE
Chuck Harris,ACTIVE
Chuck McClelland,ACTIVE
Chuck Wiley,ACTIVE
Chukwuma Okorafor,ACTIVE
Cian Slone,ACTIVE
CJ Allen,ACTIVE
CJ Brewer,ACTIVE
CJ Daniels,ACTIVE
CJ Dippre,ACTIVE
CJ Donaldson,ACTIVE
CJ Marable,ACTIVE
CJ Nunnally IV,ACTIVE
CJ Okoye,ACTIVE
CJ Verdell,ACTIVE
CJ Williams,ACTIVE
Clarence Hicks,ACTIVE
Clarence Lewis,ACTIVE
Clark Harris,ACTIVE
Clark Phillips III,ACTIVE
Claudin Cherelus,QUESTIONABLE
Clay Fields III,ACTIVE
Clay Johnston,ACTIVE
Clayton Fejedelem,ACTIVE
Clayton Geathers,ACTIVE
Clayton Isbell,ACTIVE
Clayton Thorson,ACTIVE
Clayton Tune,ACTIVE
Clelin Ferrell,ACTIVE
Clifford Chattman,ACTIVE
Clint Ratkovich,ACTIVE
Clinton McDonald,ACTIVE
Clive Walford,ACTIVE
Clyde Edwards-Helaire,ACTIVE
Cobee Bryant,ACTIVE
Cobi Francis,ACTIVE
Cobie Durant,OUT
Coby Bryant,INJURY_RESERVE
Codey McElroy,ACTIVE
Cody Barton,ACTIVE
Cody Chrest,ACTIVE
Cody Core,ACTIVE
Cody Hardy,ACTIVE
Cody Hollister,ACTIVE
Cody Kessler,ACTIVE
Cody Latimer,ACTIVE
Cody Lindenberg,ACTIVE
Cody Parkey,ACTIVE
Cody Schrader,ACTIVE
Cody Simon,ACTIVE
Cody Thompson,ACTIVE
Cody White,ACTIVE
Cody Whitehair,ACTIVE
Colbie Young,ACTIVE
Colby Gossett,ACTIVE
Colby Humphrey,ACTIVE
Colby Parkinson,QUESTIONABLE
Colby Richardson,ACTIVE
Colby Suits,ACTIVE
Colby Wadman,ACTIVE
Colby Wooden,ACTIVE
Cole Beasley,ACTIVE
Cole Bishop,ACTIVE
Cole Brevard,ACTIVE
Cole Burgess,INJURY_RESERVE
Cole Christiansen,ACTIVE
Cole Coleman,ACTIVE
Cole Fotheringham,ACTIVE
Cole Herdman,ACTIVE
Cole Hikutini,ACTIVE
Cole Holcomb,ACTIVE
Cole Kelley,ACTIVE
Cole Kmet,ACTIVE
Cole Luke,ACTIVE
Cole Madison,ACTIVE
Cole McDonald,ACTIVE
Cole Payton,ACTIVE
Cole Toner,ACTIVE
Cole Turner,INJURY_RESERVE
Cole Wick,ACTIVE
Cole Wisniewski,ACTIVE
Coleman Bennett,ACTIVE
Coleman Owen,ACTIVE
Colin Granger,ACTIVE
Colin Holba,ACTIVE
Colin Jones,ACTIVE
Colin Thompson,ACTIVE
Collin Duncan,ACTIVE
Collin Hill,ACTIVE
Collin Johnson,ACTIVE
Collin Oliver,INJURY_RESERVE
Collin Schlee,ACTIVE
Collin Wright,ACTIVE
Colson Yankoff,ACTIVE
Colston Loveland,ACTIVE
Colt McCoy,ACTIVE
Colton Dowell,ACTIVE
Colton Hood,ACTIVE
Colton Jumper,ACTIVE
Connor Bazelak,ACTIVE
Connor Cook,ACTIVE
Connor Davis,ACTIVE
Connor Hamlett,ACTIVE
Connor Heyward,ACTIVE
Connor Hulstein,QUESTIONABLE
Connor McGovern,ACTIVE
Connor O'Toole,ACTIVE
Connor Slomka,ACTIVE
Connor Strachan,ACTIVE
Connor Wedington,ACTIVE
Conor McDermott,ACTIVE
Cooper DeJean,ACTIVE
Cooper Kupp,ACTIVE
Cooper McDonald,INJURY_RESERVE
Cooper Rush,ACTIVE
Cor'Dale Flott,ACTIVE
Corbin Kaufusi,ACTIVE
Cordarrelle Patterson,ACTIVE
Cordrea Tankersley,ACTIVE
Corey Ballentine,ACTIVE
Corey Bojorquez,ACTIVE
Corey Clement,ACTIVE
Corey Coleman,ACTIVE
Corey Davis,ACTIVE
Corey Kiner,ACTIVE
Corey Levin,ACTIVE
Corey Liuget,ACTIVE
Corey Mayfield Jr.,ACTIVE
Corey Nelson,ACTIVE
Corey Rucker,INJURY_RESERVE
Corey Straughter,ACTIVE
Corey Taylor,ACTIVE
Corey Thompson,ACTIVE
Corey Thornton,ACTIVE
Corey Webster,ACTIVE
Corliss Waitman,ACTIVE
Corn Elder,ACTIVE
Cornelius Johnson,ACTIVE
Cornelius Lucas,ACTIVE
Cornell Armstrong,QUESTIONABLE
Cornell Powell,ACTIVE
Cortez Braham,ACTIVE
Cortez Braham Jr.,ACTIVE
Cortez Broughton,ACTIVE
Cortez Davis,ACTIVE
Cory Durden,ACTIVE
Cory Littleton,ACTIVE
Cory Trice Jr.,QUESTIONABLE
Coty Sensabaugh,ACTIVE
Courtland Sutton,ACTIVE
Courtney Jackson,ACTIVE
Courtney Wallace,ACTIVE
Coziah Izzard,ACTIVE
Craig James,ACTIVE
Craig Reynolds,ACTIVE
Craig Robertson,ACTIVE
Craig Woodson,QUESTIONABLE
Craig Young,ACTIVE
Cre'Von LeBlanc,ACTIVE
Cullen Gillaspia,ACTIVE
Curtis Bolton III,ACTIVE
Curtis Brooks,ACTIVE
Curtis Hodges,ACTIVE
Curtis Jacobs,INJURY_RESERVE
Curtis Riley,ACTIVE
Curtis Robinson,ACTIVE
Curtis Samuel,ACTIVE
Curtis Weaver,ACTIVE
Cyril Grayson Jr.,ACTIVE
Cyrus Allen,ACTIVE
Cyrus Holder,ACTIVE
Cyrus Jones,ACTIVE
D.J. Alexander,ACTIVE
D.J. Fluker,ACTIVE
D.J. Foster,ACTIVE
D.J. Hayden,ACTIVE
D.J. Humphries,ACTIVE
D.J. Jones,ACTIVE
D.J. Killings,ACTIVE
D.J. Miller,ACTIVE
D.J. Montgomery,INJURY_RESERVE
D.J. Reed,ACTIVE
D.J. Swearinger,ACTIVE
D.J. White,ACTIVE
D.J. Williams,QUESTIONABLE
D.J. Withers,ACTIVE
D'Andre Swift,ACTIVE
D'Andre Walker,ACTIVE
D'Angelo Amos,ACTIVE
D'Angelo Mandell,ACTIVE
D'Angelo Ponds,ACTIVE
D'Angelo Ross,ACTIVE
D'Anthony Bell,ACTIVE
D'Anthony Jones,ACTIVE
D'Arco Perkins-McAllister,ACTIVE
D'Cota Dixon,ACTIVE
D'Eriq King,ACTIVE
D'Ernest Johnson,ACTIVE
D'Eryk Jackson,ACTIVE
D'Marco Jackson,ACTIVE
D'Onta Foreman,ACTIVE
D'Shawn Jamison,ACTIVE
D'vonte Price,ACTIVE
Da'Jon Terry,ACTIVE
Da'Mari Scott,ACTIVE
Da'Quan Felton,QUESTIONABLE
Da'Shawn Hand,INJURY_RESERVE
Da'Veawn Armstead,ACTIVE
Dadrion Taylor-Demerson,QUESTIONABLE
Dae'Quan Wright,ACTIVE
Daelin Hayes,ACTIVE
Daequan Hardy,INJURY_RESERVE
DaeSean Hamilton,ACTIVE
Daeshon Hall,ACTIVE
Daewood Davis,ACTIVE
Dai'Jean Dixon,ACTIVE
Daijahn Anthony,ACTIVE
Daiyan Henley,ACTIVE
Dak Prescott,ACTIVE
Dakota Allen,ACTIVE
Dakota Dozier,ACTIVE
Dalen Cambre,ACTIVE
Dalevon Campbell,INJURY_RESERVE
Dallas Daniels,ACTIVE
Dallas Gant,ACTIVE
Dallas Goedert,QUESTIONABLE
Dallas Turner,ACTIVE
Dallen Bentley,ACTIVE
Dallin Holker,ACTIVE
Dallin Leavitt,ACTIVE
Dallis Flowers,INJURY_RESERVE
Dalton Johnson,ACTIVE
Dalton Keene,ACTIVE
Dalton Kincaid,ACTIVE
Dalton Schoen,ACTIVE
Dalton Schultz,ACTIVE
Dalvin Cook,ACTIVE
Dalvin Tomlinson,QUESTIONABLE
Dalyn Dawkins,ACTIVE
Dalys Beanum,QUESTIONABLE
Damar Hamlin,ACTIVE
DaMarcus Fields,ACTIVE
DaMarcus Mitchell,ACTIVE
Damarea Crockett,ACTIVE
Damarion Williams,QUESTIONABLE
Damarious Randall,ACTIVE
DaMarkus Lodge,ACTIVE
Damarri Mathis,INJURY_RESERVE
Dameon Pierce,ACTIVE
Damien Alford,QUESTIONABLE
Damien Martinez,ACTIVE
Damien Williams,ACTIVE
Damien Wilson,ACTIVE
Damiere Byrd,ACTIVE
Damion Ratley,ACTIVE
Damion Square,ACTIVE
Damion Willis,ACTIVE
Damon Arnette,ACTIVE
Damon Bankston,ACTIVE
Damon Harrison Sr.,ACTIVE
Damon Hazelton,ACTIVE
Damon Lloyd,ACTIVE
Damon Payne,ACTIVE
Damone Clark,INJURY_RESERVE
Damonic Williams,ACTIVE
Damontae Kazee,ACTIVE
Damontre Moore,ACTIVE
Dan Arnold,ACTIVE
Dan Bailey,ACTIVE
Dan Chisena,QUESTIONABLE
Dan Feeney,ACTIVE
Dan Isom,ACTIVE
Dan Jackson,ACTIVE
Dan Villari,ACTIVE
Dana Levine,ACTIVE
Dane Belton,ACTIVE
Dane Cruikshank,ACTIVE
Dane Jackson,ACTIVE
Dane Key,ACTIVE
Dani Dennis-Sutton,ACTIVE
Dani Deshon Dennis-Sutton,ACTIVE
Daniel Archibong,ACTIVE
Daniel Arias,ACTIVE
Daniel Bellinger,ACTIVE
Daniel Bituli,ACTIVE
Daniel Brown,ACTIVE
Daniel Carlson,ACTIVE
Daniel Crawford,ACTIVE
Daniel Ekuale,ACTIVE
Daniel Grzesiak,ACTIVE
Daniel Hardy,ACTIVE
Daniel Helm,ACTIVE
Daniel Jackson,ACTIVE
Daniel Jones,ACTIVE
Daniel Joseph,ACTIVE
Daniel Kilgore,ACTIVE
Daniel McCullers,ACTIVE
Daniel Munyer,ACTIVE
Daniel Rickert,INJURY_RESERVE
Daniel Ross,ACTIVE
Daniel Scott,ACTIVE
Daniel Sobkowicz,ACTIVE
Daniel Sorensen,ACTIVE
Daniel Thomas,ACTIVE
Daniel Whelan,ACTIVE
Daniel Williams,ACTIVE
Daniel Wise,ACTIVE
Danielle Hunter,ACTIVE
Danny Amendola,ACTIVE
Danny Davis,ACTIVE
Danny Etling,ACTIVE
Danny Gray,QUESTIONABLE
Danny Isidora,ACTIVE
Danny Johnson,ACTIVE
Danny Shelton,ACTIVE
Danny Striggow,ACTIVE
Danny Stutsman,ACTIVE
Danny Trevathan,ACTIVE
Danny Vitale,ACTIVE
Dante Barnett,ACTIVE
Dante Fowler Jr.,ACTIVE
Dante Miller,ACTIVE
Dante Olson,ACTIVE
Dante Pettis,QUESTIONABLE
Dante Stills,ACTIVE
Dante Trader Jr.,QUESTIONABLE
DaQuan Jones,ACTIVE
Dare Ogunbowale,ACTIVE
Darece Roberson,ACTIVE
Dareke Young,ACTIVE
Daren Bates,ACTIVE
Darian Stewart,ACTIVE
Darian Thompson,ACTIVE
Darien Porter,ACTIVE
Darion Clark,ACTIVE
Darius Alexander,ACTIVE
Darius Anderson,ACTIVE
Darius Bradwell,ACTIVE
Darius Clark,ACTIVE
Darius Cooper,ACTIVE
Darius Hagans,ACTIVE
Darius Harris,QUESTIONABLE
Darius Hillary,ACTIVE
Darius Hodge,ACTIVE
Darius Hodges,ACTIVE
Darius Jackson,ACTIVE
Darius Jennings,ACTIVE
Darius Joiner,ACTIVE
Darius Kilgo,ACTIVE
Darius Lassiter,ACTIVE
Darius Muasau,ACTIVE
Darius Phillips,ACTIVE
Darius Philon,ACTIVE
Darius Robinson,ACTIVE
Darius Rush,ACTIVE
Darius Slayton,ACTIVE
Darius Stills,ACTIVE
Darnay Holmes,ACTIVE
Darnell Mooney,ACTIVE
Darnell Savage,ACTIVE
Darnell Washington,ACTIVE
DaRon Bland,ACTIVE
DaRon Gilbert,ACTIVE
Daron Payne,ACTIVE
Darqueze Dennard,ACTIVE
Darrel Williams,ACTIVE
Darrell Baker Jr.,OUT
Darrell Daniels,ACTIVE
Darrell Henderson Jr.,ACTIVE
Darrell Jackson Jr.,ACTIVE
Darrell Luter Jr.,ACTIVE
Darrell Stewart Jr.,ACTIVE
Darrell Taylor,ACTIVE
Darren Evans,ACTIVE
Darren Fells,ACTIVE
Darren Hall,ACTIVE
Darren Waller,ACTIVE
Darrian Beavers,ACTIVE
Darrick Forrest,INJURY_RESERVE
Darrin Hall,ACTIVE
Darrion Daniels,ACTIVE
Darrius Shepherd,ACTIVE
Darron Lee,ACTIVE
Darryl Johnson,ACTIVE
Darryl Peterson III,ACTIVE
Darryl Roberts,ACTIVE
Darrynton Evans,ACTIVE
Darvin Kidsy,ACTIVE
Darwin Thompson,ACTIVE
Daryl Porter,ACTIVE
Daryl Williams,ACTIVE
Daryl Worley,ACTIVE
Dasan McCullough,ACTIVE
DaShaun Amos,ACTIVE
Dashaun Mallory,ACTIVE
Dashaun Phillips,ACTIVE
DaShaun White,ACTIVE
DaShawn Jones,ACTIVE
Datone Jones,ACTIVE
Daurice Fountain,ACTIVE
Davante Adams,ACTIVE
Daveren Rayner,ACTIVE
David Anenih,ACTIVE
David Bada,ACTIVE
David Bailey,ACTIVE
David Bakhtiari,ACTIVE
David Blay Jr.,ACTIVE
David Blough,ACTIVE
David Curry,ACTIVE
David DeCastro,ACTIVE
David Durden,ACTIVE
David Ebuka Agoha,ACTIVE
David Fales,ACTIVE
David Fluellen,ACTIVE
David Gbenda,ACTIVE
David Irving,ACTIVE
David Johnson,ACTIVE
David Jones,ACTIVE
David Long Jr.,ACTIVE
David Martin-Robinson,QUESTIONABLE
David Mayo,ACTIVE
David Moa,ACTIVE
David Montgomery,ACTIVE
David Moore,ACTIVE
David Njoku,INJURY_RESERVE
David Ojabo,ACTIVE
David Olajiga,ACTIVE
David Onyemata,INJURY_RESERVE
David Parry,ACTIVE
David Perales,ACTIVE
David Reese,ACTIVE
David Sharpe,ACTIVE
David Sills V,INJURY_RESERVE
David Steinmetz,ACTIVE
David Ugwoegbu,ACTIVE
David Vereen,ACTIVE
David Walker,ACTIVE
David Wallis,ACTIVE
David Wells,ACTIVE
Davion Davis,ACTIVE
Davion Ross,ACTIVE
Davion Taylor,ACTIVE
Davis Allen,ACTIVE
Davis Cheek,ACTIVE
Davis Mills,ACTIVE
Davis Webb,ACTIVE
Davison Igbinosun,ACTIVE
Daviyon Nixon,ACTIVE
Davon Booth,ACTIVE
Davon Godchaux,ACTIVE
DaVon Hamilton,QUESTIONABLE
Davontae Harris,ACTIVE
DaVonte Lambert,ACTIVE
Dawson Knox,ACTIVE
Dawuane Smoot,ACTIVE
Dax Hill,ACTIVE
Dax Milne,ACTIVE
Dax Raymond,ACTIVE
Dayan Lake,ACTIVE
Daylan Carnell,ACTIVE
Daylen Baldwin,ACTIVE
Daylen Everette,ACTIVE
Daylon Mack,ACTIVE
Dayo Odeyingbo,ACTIVE
Dayton Wade,ACTIVE
Dazz Newsome,ACTIVE
De'Anthony Thomas,ACTIVE
De'Carlo Donaldson,ACTIVE
De'Jon Harris,ACTIVE
De'Lance Turner,ACTIVE
De'Montre Tuggle,ACTIVE
De'Mornay Pierson-El,ACTIVE
De'Quan Hampton,ACTIVE
De'Shaan Dixon,ACTIVE
De'Shawn Rucker,QUESTIONABLE
De'Vante Bausby,ACTIVE
De'Vante Cross,ACTIVE
De'Von Achane,INJURY_RESERVE
De'Vondre Campbell,ACTIVE
De'Zhaun Stribling,INJURY_RESERVE
De'Zhaun-Ryan Stribling,ACTIVE
Deadrin Senat,ACTIVE
Deamonte Trayanum,ACTIVE
Dean Clark,ACTIVE
Dean Connors,ACTIVE
Dean Lowry,ACTIVE
Dean Marlowe,ACTIVE
Dean Patterson,ACTIVE
DeAndre Baker,ACTIVE
DeAndre Carter,ACTIVE
DeAndre Goolsby,ACTIVE
DeAndre Hopkins,ACTIVE
DeAndre Houston-Carson,ACTIVE
Deandre Johnson,ACTIVE
DeAndre Square,ACTIVE
DeAndre Thompkins,ACTIVE
DeAndre Torrey,ACTIVE
DeAndre Washington,ACTIVE
DeAndrew White,ACTIVE
Deane Leonard,QUESTIONABLE
DeAngelo Hardy,ACTIVE
DeAngelo Malone,OUT
Deante Burton,ACTIVE
Deantre Prince,ACTIVE
Deatrich Wise Jr.,OUT
Debione Renfro,ACTIVE
Decamerion Richardson,ACTIVE
Decarius Hawthorne,ACTIVE
DeCarlos Nicholson,ACTIVE
Dede Westbrook,ACTIVE
Dedrick Mills,ACTIVE
Dee Alford,QUESTIONABLE
Dee Delaney,ACTIVE
Dee Eskridge,ACTIVE
Dee Ford,ACTIVE
Dee Virgin,ACTIVE
Dee Williams,ACTIVE
Dee Winters,ACTIVE
Deebo Samuel Sr.,ACTIVE
DeeJay Dallas,ACTIVE
DeForest Buckner,ACTIVE
Deion Burks,ACTIVE
Deion Hankins,ACTIVE
Deion Jennings,ACTIVE
Deion Jones,ACTIVE
Deionte Thompson,ACTIVE
Deji Olatoye,ACTIVE
DeJuan Neal,ACTIVE
Dekoda Watson,ACTIVE
Del'Shawn Phillips,ACTIVE
Delarrin Turner-Yell,ACTIVE
Dell Pettus,INJURY_RESERVE
Delontae Scott,ACTIVE
Delonte Hood,ACTIVE
Delrick Abrams,ACTIVE
Demani Richardson,ACTIVE
Demar Dotson,ACTIVE
DeMarcco Hellams,ACTIVE
Demarcus Christmas,ACTIVE
DeMarcus Lawrence,ACTIVE
Demarcus Robinson,INJURY_RESERVE
DeMarcus Walker,ACTIVE
Demario Davis,ACTIVE
DeMario Douglas,ACTIVE
DeMarkus Acy,ACTIVE
DeMarquis Gates,ACTIVE
DeMarvin Leal,ACTIVE
DeMarvion Overshown,OUT
Demeco Roland,ACTIVE
Demeer Blankumsee,ACTIVE
Demetric Felton,ACTIVE
Demetris Robertson,ACTIVE
Demetrius Flannigan-Fowles,QUESTIONABLE
Demetrius Harris,ACTIVE
Demetrius Knight Jr.,ACTIVE
Demetrius Taylor,ACTIVE
DeMichael Harris,ACTIVE
Demond Claiborne,ACTIVE
Demone Harris,ACTIVE
DeMonte Capehart,OUT
Deneric Prince,ACTIVE
Denico Autry,ACTIVE
Dennis Gardeck,ACTIVE
Dennis Houston,INJURY_RESERVE
Dennis Kelly,ACTIVE
Denzel Boston,ACTIVE
Denzel Burke,ACTIVE
Denzel Daxon,ACTIVE
Denzel Mims,ACTIVE
Denzel Perryman,INJURY_RESERVE
Denzel Ward,ACTIVE
Denzel Williams,ACTIVE
Deommodore Lenoir,ACTIVE
Deon Bush,QUESTIONABLE
Deon Cain,ACTIVE
Deon Jackson,ACTIVE
Deon Lacey,ACTIVE
Deon Yelder,ACTIVE
Deone Bucannon,ACTIVE
Deone Walker,ACTIVE
Deontae Lawson,ACTIVE
Deontai Williams,ACTIVE
Deontay Burnett,ACTIVE
Deonte Banks,ACTIVE
Deonte Harty,QUESTIONABLE
Deontez Alexander,ACTIVE
Dequan Jackson,ACTIVE
Derek Barnett,QUESTIONABLE
Derek Carrier,ACTIVE
Derek Parish,ACTIVE
Derek Rivers,ACTIVE
Derek Slywka,ACTIVE
Derek Stingley Jr.,ACTIVE
Derek Watt,ACTIVE
Derek Wolfe,ACTIVE
Derek Wright,ACTIVE
Derick Hall,ACTIVE
Derick Roberson,ACTIVE
Derion Kendrick,ACTIVE
Derius Davis,ACTIVE
Derrek Pitts,ACTIVE
Derrek Thomas,ACTIVE
Derrek Tuszka,ACTIVE
Derrick Baity Jr.,ACTIVE
Derrick Barnes,ACTIVE
Derrick Brown,ACTIVE
Derrick Canteen,ACTIVE
Derrick Deese Jr.,ACTIVE
Derrick Dillon,ACTIVE
Derrick Gore,ACTIVE
Derrick Harmon,INJURY_RESERVE
Derrick Henry,ACTIVE
Derrick Langford,ACTIVE
Derrick McLendon,ACTIVE
Derrick Moncrief,ACTIVE
Derrick Moore,ACTIVE
Derrick Nnadi,ACTIVE
Derrick Tangelo,ACTIVE
Derrick Willies,ACTIVE
Derrius Guice,ACTIVE
Derwin James Jr.,QUESTIONABLE
DeSean Jackson,ACTIVE
Deshaun Fenwick,ACTIVE
Deshaun Watson,ACTIVE
DeShawn Gaddie Jr.,ACTIVE
Deshawn McKnight,QUESTIONABLE
DeShawn Williams,ACTIVE
DeShon Elliott,INJURY_RESERVE
DeShon Singleton,ACTIVE
DeShon Williams,ACTIVE
DeShone Kizer,ACTIVE
Desjuan Johnson,ACTIVE
Deslin Alexandre,ACTIVE
Desmond Evans,ACTIVE
Desmond Igbinosun,ACTIVE
Desmond King II,ACTIVE
Desmond Little,ACTIVE
Desmond Reid,QUESTIONABLE
Desmond Ridder,ACTIVE
Desmond Trufant,ACTIVE
Desmond Watson,ACTIVE
Destiny Vaeao,ACTIVE
Deuce Vaughn,ACTIVE
Deuce Wallace,ACTIVE
Devan Boykin,ACTIVE
Devante Bond,ACTIVE
Devante Downs,ACTIVE
Devante Mays,ACTIVE
Devaroe Lawrence,ACTIVE
Devaughn Vele,ACTIVE
Devean Deal,ACTIVE
Deven Eastern,ACTIVE
Deven Thompkins,ACTIVE
DeVere Levelston,ACTIVE
Devin Asiasi,ACTIVE
Devin Brandt-Epps,ACTIVE
Devin Bush,ACTIVE
Devin Carter,ACTIVE
Devin Culp,ACTIVE
Devin Duvernay,ACTIVE
Devin Funchess,ACTIVE
Devin Grant,ACTIVE
Devin Gray,ACTIVE
Devin Hafford,ACTIVE
Devin Harper,ACTIVE
Devin Jones,ACTIVE
Devin Lafayette,ACTIVE
Devin Leary,ACTIVE
Devin Lloyd,ACTIVE
Devin Moore,INJURY_RESERVE
Devin Neal,ACTIVE
Devin Neal Jr.,ACTIVE
Devin Phelps,ACTIVE
Devin Richardson,ACTIVE
Devin Ross,ACTIVE
Devin Singletary,ACTIVE
Devin Taylor,ACTIVE
Devin Veresuk,ACTIVE
Devin White,ACTIVE
Devine Ozigbo,ACTIVE
Devon Allen,ACTIVE
Devon Garrison,ACTIVE
Devon Kennard,ACTIVE
Devon Key,ACTIVE
Devon Marshall,QUESTIONABLE
Devon Williams,ACTIVE
Devon Witherspoon,ACTIVE
Devonnsha Maxwell,ACTIVE
Devonta Freeman,ACTIVE
DeVonta Smith,QUESTIONABLE
Devontae Booker,ACTIVE
DeVonte Dedmon,ACTIVE
Devonte O'Malley,ACTIVE
Devonte Ross,ACTIVE
Devonte Wyatt,QUESTIONABLE
Devontez Walker,ACTIVE
DeVontres Dukes,ACTIVE
Devron Harper,ACTIVE
Devyn Bobby,ACTIVE
Devyn Perkins,ACTIVE
DeWayne Carter,ACTIVE
DeWayne McBride,ACTIVE
Dexter Lawrence II,QUESTIONABLE
Dexter McCoil,ACTIVE
Dexter Moody,ACTIVE
Dexter Williams,ACTIVE
Deyon Sizer,ACTIVE
Dez Bryant,ACTIVE
Dez Fitzpatrick,QUESTIONABLE
Dez Stewart,ACTIVE
Dezmon Patmon,ACTIVE
Dicaprio Bootle,QUESTIONABLE
Diego Fagot,ACTIVE
Diego Pavia,ACTIVE
Dillon Bell,ACTIVE
Dillon Gabriel,INJURY_RESERVE
Dillon Gordon,ACTIVE
Dillon Johnson,ACTIVE
Dillon Mitchell,ACTIVE
Dillon Stoner,ACTIVE
Dillon Thieneman,ACTIVE
Dimitri Stanley,ACTIVE
Dion Dawkins,ACTIVE
Dion Jordan,ACTIVE
Dion Lewis,ACTIVE
Dion Novil,ACTIVE
Dion Wilson Jr.,ACTIVE
Diontae Johnson,ACTIVE
Diontae Spencer,ACTIVE
Dionte Ruffin,ACTIVE
Divaad Wilson,QUESTIONABLE
Divine Deablo,QUESTIONABLE
Diwun Black,ACTIVE
DJ Chark,ACTIVE
DJ Coleman,ACTIVE
DJ Dale,ACTIVE
DJ Daniel,ACTIVE
DJ Davidson,ACTIVE
DJ Giddens,ACTIVE
DJ Herman,ACTIVE
DJ Ivey,ACTIVE
DJ James,QUESTIONABLE
DJ Johnson,ACTIVE
DJ Moore,QUESTIONABLE
DJ Reader,ACTIVE
DJ Rogers,INJURY_RESERVE
DJ Stirgus,ACTIVE
DJ Thomas-Jones,ACTIVE
DJ Turner,QUESTIONABLE
DJ Turner II,ACTIVE
DJ Uiagalelei,ACTIVE
DJ Wonnum,QUESTIONABLE
DK Kaufman,ACTIVE
DK Metcalf,ACTIVE
Dohnte Meyers,ACTIVE
Dom Jones,QUESTIONABLE
Dom Maggio,ACTIVE
Dom Wood-Anderson,ACTIVE
Domani Jackson,ACTIVE
Domata Peko Sr.,ACTIVE
Domenique Davis,ACTIVE
Dominic Bailey,ACTIVE
Dominic DeLuca,ACTIVE
Dominic Lovett,ACTIVE
Dominic Richardson,QUESTIONABLE
Dominic Zvada,ACTIVE
Dominik Eberle,ACTIVE
Dominique Dafney,ACTIVE
Dominique Hampton,QUESTIONABLE
Dominique Hatfield,ACTIVE
Dominique Jones,ACTIVE
Dominique Martin,ACTIVE
Dominique Robinson,ACTIVE
Dominique Rodgers-Cromartie,ACTIVE
Dominique Ross,ACTIVE
Domonique Orange,ACTIVE
Don Callis,ACTIVE
Don Gardner,ACTIVE
Don Muhlbach,ACTIVE
Donald Parham Jr.,ACTIVE
Donald Payne,ACTIVE
Donald Rutledge,ACTIVE
Donatello Brown,ACTIVE
Donavan Mutin,ACTIVE
Donaven McCulley,ACTIVE
Dondrea Tillman,ACTIVE
Doneiko Slaughter,ACTIVE
Donnie Lewis Jr.,ACTIVE
Donnie Mcmillan,ACTIVE
Donovan Edwards,ACTIVE
Donovan Ezeiruaku,ACTIVE
Donovan Jeter,ACTIVE
Donovan Manuel,ACTIVE
Donovan McMillon,ACTIVE
Donovan Olumba,ACTIVE
Donovan Peoples-Jones,ACTIVE
Donovan Smith,ACTIVE
Donovan Stiner,ACTIVE
Donovan Wilson,ACTIVE
Dont'a Hightower,ACTIVE
Dont'e Deayon,ACTIVE
Dont'e Thornton Jr.,INJURY_RESERVE
Dontae Fleming,ACTIVE
Dontae Johnson,ACTIVE
Dontae Manning,QUESTIONABLE
Dontae McMillan,ACTIVE
Dontari Poe,ACTIVE
Dontario Drummond,ACTIVE
Dontavius Russell,ACTIVE
Dontay Demus Jr.,ACTIVE
Dontayvion Wicks,QUESTIONABLE
Dontayvious Sheffield,ACTIVE
Donte Foster,ACTIVE
Donte Jackson,QUESTIONABLE
Donte Kent,OUT
Donte Moncrief,ACTIVE
Donte Sylencieux,ACTIVE
Donte Vaughn,ACTIVE
Donteea Dye,ACTIVE
Dontez Byrd,ACTIVE
Dontrell Hilliard,ACTIVE
Dontrelle Inman,ACTIVE
Doran Grant,ACTIVE
Dorance Armstrong,ACTIVE
Dorian Etheridge,ACTIVE
Dorian Mausi,INJURY_RESERVE
Dorian O'Daniel,ACTIVE
Dorian Singer,ACTIVE
Dorian Strong,OUT
Dorian Thompson-Robinson,ACTIVE
Dorian Williams,ACTIVE
Doug Costin,ACTIVE
Doug Middleton,ACTIVE
Douglas Coleman III,ACTIVE
DQ Thomas,ACTIVE
Drake Dabney,ACTIVE
Drake Jackson,QUESTIONABLE
Drake London,ACTIVE
Drake Maye,ACTIVE
Drake Stoops,ACTIVE
Drake Thomas,ACTIVE
Dravon Askew-Henry,ACTIVE
Dre Greenlaw,ACTIVE
Dre Kirkpatrick,ACTIVE
Dre Miller,ACTIVE
Dre'Mont Jones,QUESTIONABLE
Dresser Winn,ACTIVE
Drew Allar,ACTIVE
Drew Anderson,ACTIVE
Drew Biber,ACTIVE
Drew Estrada,ACTIVE
Drew Hartlaub,ACTIVE
Drew Jordan,ACTIVE
Drew Lock,ACTIVE
Drew Ogletree,ACTIVE
Drew Plitt,ACTIVE
Drew Sample,ACTIVE
Drew Sanders,QUESTIONABLE
Drew Stanton,ACTIVE
Drew Stevens,ACTIVE
Drew White,ACTIVE
Drey Norwood,QUESTIONABLE
Dru Phillips,ACTIVE
Drue Chrisman,ACTIVE
Drue Tranquill,ACTIVE
DT Sheffield,QUESTIONABLE
Duane Brown,ACTIVE
Duece Watts,ACTIVE
Duke Dawson,ACTIVE
Duke Ejiofor,ACTIVE
Duke Johnson,ACTIVE
Duke Riley,ACTIVE
Duke Shelley,ACTIVE
Duke Thomas,ACTIVE
Duke Williams,ACTIVE
Durell Nchami,ACTIVE
Durham Smythe,INJURY_RESERVE
Duron Harmon,ACTIVE
Duron Lowe,ACTIVE
Durrell Johnson,ACTIVE
Durval Queiroz Neto,ACTIVE
Dustin Colquitt,ACTIVE
Dustin Crum,ACTIVE
Dustin Hopkins,ACTIVE
Dvon J-Thomas,ACTIVE
Dwayne Harris,ACTIVE
Dwayne Johnson Jr.,ACTIVE
Dwayne Washington,ACTIVE
Dwight McGlothern Jr.,ACTIVE
Dyami Brown,ACTIVE
Dylan Cantrell,ACTIVE
Dylan Cole,ACTIVE
Dylan Drummond,ACTIVE
Dylan Horton,INJURY_RESERVE
Dylan Laube,ACTIVE
Dylan Leonard,ACTIVE
Dylan Mabin,ACTIVE
Dylan Moses,ACTIVE
Dylan Parham,ACTIVE
Dylan Sampson,INJURY_RESERVE
Dylan Soehner,ACTIVE
Dymere Miller,ACTIVE
Dyontae Johnson,ACTIVE
Dyshawn Gales,ACTIVE
E.J. Gaines,ACTIVE
E.J. Horton,ACTIVE
E.J. Jenkins,ACTIVE
E.J. Perry,ACTIVE
E.J. Speed,OUT
E.J. Williams Jr.,ACTIVE
Earl Mitchell,ACTIVE
Earl Watford,ACTIVE
Earnest Brown IV,ACTIVE
Earnest Edwards,ACTIVE
Easop Winston Jr.,ACTIVE
Easton Gibbs,ACTIVE
Easton Mascarenas-Arnold,ACTIVE
Easton Stick,ACTIVE
Ed Dickson,ACTIVE
Ed Lee,ACTIVE
Ed Oliver,QUESTIONABLE
Eddie Czaplicki,ACTIVE
Eddie Goldman,ACTIVE
Eddie Jackson,ACTIVE
Eddie Vanderdoes,ACTIVE
Eddie Walls III,INJURY_RESERVE
Eddie Yarbrough,ACTIVE
Eddy Pineiro,ACTIVE
Edefuan Ulofoshio,INJURY_RESERVE
Edgerrin Cooper,INJURY_RESERVE
Edmond Robinson,ACTIVE
Efe Obada,ACTIVE
Efton Chism III,ACTIVE
EJ Horton Jr.,ACTIVE
EJ Smith,QUESTIONABLE
Ekow Boye-Doe,ACTIVE
Eku Leota,ACTIVE
Elandon Roberts,ACTIVE
Eli Ankou,ACTIVE
Eli Apple,ACTIVE
Eli Heidenreich,ACTIVE
Eli Howard,ACTIVE
Eli Mencer,ACTIVE
Eli Mostaert,ACTIVE
Eli Pancol,ACTIVE
Eli Raridon,ACTIVE
Eli Ricks,ACTIVE
Eli Stove,ACTIVE
Eli Stowers,INJURY_RESERVE
Eli Wilson,ACTIVE
Eli Wolf,ACTIVE
Elias Neal,ACTIVE
Elic Ayomanor,ACTIVE
Elijah Arroyo,ACTIVE
Elijah Benton,ACTIVE
Elijah Campbell,ACTIVE
Elijah Chatman,INJURY_RESERVE
Elijah Collins,ACTIVE
Elijah Cooks,ACTIVE
Elijah Culp,ACTIVE
Elijah Dotson,ACTIVE
Elijah Garcia,ACTIVE
Elijah Hamilton,ACTIVE
Elijah Hicks,ACTIVE
Elijah Higgins,ACTIVE
Elijah Holyfield,ACTIVE
Elijah Jones,ACTIVE
Elijah Lee,ACTIVE
Elijah Mitchell,QUESTIONABLE
Elijah Molden,ACTIVE
Elijah Moore,ACTIVE
Elijah Nkansah,ACTIVE
Elijah Ponder,ACTIVE
Elijah Qualls,ACTIVE
Elijah Riley,ACTIVE
Elijah Roberts,ACTIVE
Elijah Sarratt,ACTIVE
Elijah Simmons,ACTIVE
Elijah Sullivan,ACTIVE
Elijah Tau-Tolliver,ACTIVE
Elijah Wilkinson,ACTIVE
Elijah Williams,ACTIVE
Elijah Young,ACTIVE
Elijhah Badger,ACTIVE
Elliott Brown,ACTIVE
Elliott Davison,ACTIVE
Elliott Fry,ACTIVE
Ellis Brooks,ACTIVE
Ellis Merriweather,ACTIVE
Emani Bailey,ACTIVE
Emanuel Wilson,ACTIVE
Emany Johnson,ACTIVE
Emari Demercado,ACTIVE
Emeka Egbuka,ACTIVE
Emeka Emezie,ACTIVE
Emeke Egbule,ACTIVE
Emmanuel Butler,ACTIVE
Emmanuel Ellerbee,ACTIVE
Emmanuel Forbes Jr.,ACTIVE
Emmanuel Henderson,ACTIVE
Emmanuel Henderson Jr.,ACTIVE
Emmanuel McNeil-Warren,ACTIVE
Emmanuel Moseley,QUESTIONABLE
Emmanuel Ogbah,ACTIVE
Emmanuel Rugamba,ACTIVE
Emmanuel Sanders,ACTIVE
Emmanuel Smith,ACTIVE
Emmett Johnson,ACTIVE
Emory Jones,ACTIVE
Eni Falayi,ACTIVE
Ennis Rakestraw Jr.,ACTIVE
Eno Benjamin,ACTIVE
Ephesians Prysock,ACTIVE
Equanimeous St. Brown,ACTIVE
Eric Banks,ACTIVE
Eric Burrell,ACTIVE
Eric Butler,QUESTIONABLE
Eric Dungey,ACTIVE
Eric Ebron,ACTIVE
Eric Fisher,ACTIVE
Eric Garror,ACTIVE
Eric Gentry,ACTIVE
Eric Gray,ACTIVE
Eric Gregory,ACTIVE
Eric Johnson II,ACTIVE
Eric Kendricks,ACTIVE
Eric Kush,ACTIVE
Eric Murray,QUESTIONABLE
Eric O'Neill,ACTIVE
Eric Reid,ACTIVE
Eric Rivers Jr.,ACTIVE
Eric Rogers,ACTIVE
Eric Rowe,ACTIVE
Eric Saubert,ACTIVE
Eric Scott Jr.,ACTIVE
Eric Smith,ACTIVE
Eric Stokes,ACTIVE
Eric Tomlinson,ACTIVE
Eric Wallace,ACTIVE
Eric Watts,ACTIVE
Eric Wilson,ACTIVE
Erick All Jr.,ACTIVE
Erick Hallett II,ACTIVE
Erick Hunter,ACTIVE
Erik Ezukanma,ACTIVE
Erik Harris,ACTIVE
Erik Krommenhoek,ACTIVE
Erik Magnuson,ACTIVE
Erik Swoope,ACTIVE
Ernest Jones IV,ACTIVE
Erroll Thompson,ACTIVE
Esezi Otomewo,ACTIVE
Essang Bassey,ACTIVE
Ethan Bonner,ACTIVE
Ethan Burke,ACTIVE
Ethan Conner,ACTIVE
Ethan Downs,INJURY_RESERVE
Ethan Evans,ACTIVE
Ethan Fernea,ACTIVE
Ethan Garbers,ACTIVE
Ethan Hurkett,ACTIVE
Ethan Pocic,INJURY_RESERVE
Ethan Robinson,QUESTIONABLE
Ethan Westbrooks,ACTIVE
Eugene Asante,ACTIVE
Evan Anderson,ACTIVE
Evan Baylis,ACTIVE
Evan Boehm,ACTIVE
Evan Brown,ACTIVE
Evan Engram,ACTIVE
Evan Foster,ACTIVE
Evan Hull,ACTIVE
Evan McPherson,ACTIVE
Evan Svoboda,ACTIVE
Evan Weaver,ACTIVE
Evan Williams,ACTIVE
Everson Griffen,ACTIVE
Eyioma Uwazurike,ACTIVE
Ezekiel Ansah,ACTIVE
Ezekiel Elliott,ACTIVE
Ezekiel Turner,ACTIVE
Ezekiel Vandenburgh,ACTIVE
Fabian Moreau,ACTIVE
Fabien Lovett Sr.,ACTIVE
Fadil Diggs,ACTIVE
Faion Hicks,ACTIVE
Farrod Green,ACTIVE
Fatorma Mulbah,ACTIVE
Feleipe Franks,ACTIVE
Felix Anudike-Uzomah,ACTIVE
Felix Harper,ACTIVE
Felton Davis III,ACTIVE
Fentrell Cypress II,QUESTIONABLE
Fernando Mendoza,ACTIVE
Ferrod Gardner,ACTIVE
Fish Smithson,ACTIVE
Folorunso Fatukasi,ACTIVE
Forrest Lamp,ACTIVE
Forrest Merrill,ACTIVE
Forrest Rhyne,ACTIVE
Foster Moreau,ACTIVE
Foyesade Oluokun,ACTIVE
Francis Bernard,ACTIVE
Frank Clark,ACTIVE
Frank Darby,ACTIVE
Frank Ginda,ACTIVE
Frank Gore,ACTIVE
Frank Gore Jr.,ACTIVE
Frank Herron,ACTIVE
Frankie Luvu,QUESTIONABLE
Fred Brown,ACTIVE
Fred Davis,ACTIVE
Fred Davis II,ACTIVE
Fred Warner,ACTIVE
Freddie Martino,ACTIVE
Freddie Swain,ACTIVE
Freedom Akinmoladun,ACTIVE
Gabe Brkic,ACTIVE
Gabe Davis,QUESTIONABLE
Gabe Hall,ACTIVE
Gabe Holmes,ACTIVE
Gabe Jacas,ACTIVE
Gabe Jackson,ACTIVE
Gabe Jeudy-Lally,ACTIVE
Gabe Nabers,ACTIVE
Gable Steveson,ACTIVE
Gabriel Benyard,ACTIVE
Gabriel Murphy,ACTIVE
Gabriel Plascencia,ACTIVE
Gabriel Rubio,ACTIVE
Gage Larvadain,ACTIVE
Gardner Minshew II,ACTIVE
Gareon Conley,ACTIVE
Garett Bolles,ACTIVE
Garett Maag,ACTIVE
Garmon Randolph,ACTIVE
Garnett Hollis Jr.,ACTIVE
Garret Wallow,ACTIVE
Garrett Crall,ACTIVE
Garrett Dickerson,ACTIVE
Garrett Gilbert,ACTIVE
Garrett Greene,ACTIVE
Garrett Griffin,ACTIVE
Garrett Groshek,ACTIVE
Garrett Marino,ACTIVE
Garrett Nelson,ACTIVE
Garrett Nussmeier,ACTIVE
Garrett Taylor,ACTIVE
Garrett Walston,ACTIVE
Garrett Williams,ACTIVE
Garrett Wilson,ACTIVE
Garrison Sanborn,ACTIVE
Gary Brightwell,ACTIVE
Gary Jennings,ACTIVE
Gary Smith III,ACTIVE
Gavin Bartholomew,ACTIVE
Gavin Hardison,ACTIVE
Gavin Heslop,ACTIVE
Gavin Holmes,ACTIVE
Gee Scott Jr.,QUESTIONABLE
Gehrig Dieter,ACTIVE
Gemon Green,ACTIVE
Genard Avery,ACTIVE
Genesis Smith,ACTIVE
Geno Atkins,ACTIVE
Geno Smith,ACTIVE
Geno Stone,ACTIVE
Geoff Swaim,ACTIVE
Geor'Quarius Spivey,ACTIVE
George Aston,ACTIVE
George Campbell,ACTIVE
George Fant,ACTIVE
George Gumbs,ACTIVE
George Gumbs Jr.,ACTIVE
George Holani,QUESTIONABLE
George Iloka,ACTIVE
George Karlaftis,ACTIVE
George Kittle,ACTIVE
George Obinna,ACTIVE
George Odum,ACTIVE
George Pickens,ACTIVE
George Silvanic,ACTIVE
George Tarlas,ACTIVE
Gerald Everett,ACTIVE
Gerald Willis,ACTIVE
Geremy Davis,ACTIVE
Germain Ifedi,QUESTIONABLE
Germaine Pratt,ACTIVE
Germie Bernard,ACTIVE
Geron Christian,ACTIVE
Geronimo Allison,ACTIVE
Gerri Green,ACTIVE
Gerrid Doaks,ACTIVE
Gerrit Prince,ACTIVE
Gervarrius Owens,QUESTIONABLE
Gervon Dexter Sr.,ACTIVE
Giles Jackson,ACTIVE
Giorgio Tavecchio,ACTIVE
Giovani Bernard,ACTIVE
Giovanni Ricci,ACTIVE
Glen Logan,ACTIVE
Glendon Miller,ACTIVE
Godwin Igwebuike,ACTIVE
Golden Tate,ACTIVE
Gracen Halton,ACTIVE
Grady Jarrett,ACTIVE
Graham Adomitis,ACTIVE
Graham Gano,QUESTIONABLE
Graham Glasgow,ACTIVE
Graham Mertz,INJURY_RESERVE
Grant Calcaterra,INJURY_RESERVE
Grant Delpit,ACTIVE
Grant DuBose,QUESTIONABLE
Grant Finley,ACTIVE
Grant Haley,ACTIVE
Grant Morgan,ACTIVE
Grant Stuard,QUESTIONABLE
Grayland Arnold,ACTIVE
Grayson Gunter,ACTIVE
Grayson Murphy,ACTIVE
Greedy Vance,ACTIVE
Greedy Williams,ACTIVE
Greg Bell,ACTIVE
Greg Desrosiers Jr.,ACTIVE
Greg Dortch,ACTIVE
Greg Dulcich,ACTIVE
Greg Gaines,ACTIVE
Greg Joseph,ACTIVE
Greg Mabin,ACTIVE
Greg Mancz,ACTIVE
Greg Newsome II,ACTIVE
Greg Roberts,ACTIVE
Greg Robinson,ACTIVE
Greg Rousseau,ACTIVE
Greg Senat,ACTIVE
Greg Stroman Jr.,ACTIVE
Greg Van Roten,INJURY_RESERVE
Greg Ward,ACTIVE
Greg Zuerlein,QUESTIONABLE
Gregory Junior,ACTIVE
Griffin Hebert,ACTIVE
Grover Stewart,ACTIVE
Gunnar Helm,ACTIVE
Gunnar Oakes,ACTIVE
Gunner Olszewski,INJURY_RESERVE
Gus Edwards,ACTIVE
Guy Thomas,ACTIVE
Haason Reddick,ACTIVE
Habakkuk Baldonado,ACTIVE
Haggai Ndubuisi,ACTIVE
Hakeem Bailey,ACTIVE
Hakeem Butler,ACTIVE
Hal Presley III,ACTIVE
Halapoulivaati Vaitai,ACTIVE
Hamilcar Rashed,ACTIVE
Hamsah Nasirildeen,ACTIVE
Hamze El-Zayat,ACTIVE
Hank Beatty,ACTIVE
Hardy Nickerson,ACTIVE
Harold Fannin Jr.,ACTIVE
Harold Landry III,OUT
Harold Perkins,ACTIVE
Harold Perkins Jr.,ACTIVE
Harrison Bryant,QUESTIONABLE
Harrison Butker,ACTIVE
Harrison Hand,ACTIVE
Harrison Mevis,ACTIVE
Harrison Phillips,ACTIVE
Harrison Smith,ACTIVE
Harrison Wallace,ACTIVE
Harrison Wallace III,ACTIVE
Harvey Langi,ACTIVE
Haskell Garrett,ACTIVE
Hassan Hall,ACTIVE
Hassan Haskins,ACTIVE
Hassan Ridgeway,ACTIVE
Hauati Pututau,ACTIVE
Hayden Harris,ACTIVE
Hayden Hatten,ACTIVE
Hayden Hurst,ACTIVE
Hayden Large,INJURY_RESERVE
Hayden Rucci,ACTIVE
Haynes King,ACTIVE
Heinrich Haarberg,ACTIVE
Hendon Hooker,ACTIVE
Henry Anderson,ACTIVE
Henry Black,ACTIVE
Henry Litwin,ACTIVE
Henry Mondeaux,ACTIVE
Henry Pearson,ACTIVE
Henry Ruggs III,ACTIVE
Henry To'oTo'o,INJURY_RESERVE
Herb Miller,ACTIVE
Hercules Mata'afa,ACTIVE
Herschel Walker,ACTIVE
Hezekiah Masses,ACTIVE
Hinwa Allieu,ACTIVE
Hogan Hatten,ACTIVE
Hollywood Brown,QUESTIONABLE
Holton Ahlers,ACTIVE
Holton Hill,ACTIVE
Howard Cross III,ACTIVE
Hroniss Grasu,ACTIVE
Hudson Clark,ACTIVE
Hunter Bradley,ACTIVE
Hunter Bryant,ACTIVE
Hunter Dekkers,ACTIVE
Hunter Henry,ACTIVE
Hunter Kampmoyer,ACTIVE
Hunter Long,INJURY_RESERVE
Hunter Luepke,ACTIVE
Hunter Niswander,ACTIVE
Hunter Renfrow,ACTIVE
Hunter Thedford,ACTIVE
Hunter Wohler,ACTIVE
Ian Berryman,ACTIVE
Ian Book,ACTIVE
Ian Bunting,ACTIVE
Ian Kennelly,ACTIVE
Ian Swenson,ACTIVE
Ian Thomas,ACTIVE
Ian Wheeler,ACTIVE
Ibraheim Campbell,ACTIVE
Ife Adeyi,ACTIVE
Ifeadi Odenigbo,ACTIVE
Ifeatu Melifonwu,ACTIVE
Ihmir Smith-Marsette,ACTIVE
Ike Boettger,ACTIVE
Ike Brown,ACTIVE
Ikenna Enechukwu,ACTIVE
Iman Marshall,ACTIVE
Innis Gaines,ACTIVE
Ira Savage-Lewis,ACTIVE
Irv Charles,INJURY_RESERVE
Irv Smith Jr.,QUESTIONABLE
Isaac Alarcon,ACTIVE
Isaac Darkangelo,ACTIVE
Isaac Gifford,ACTIVE
Isaac Guerendo,OUT
Isaac Nauta,ACTIVE
Isaac Rex,ACTIVE
Isaac Rochell,ACTIVE
Isaac Seumalo,ACTIVE
Isaac Taylor-Stuart,ACTIVE
Isaac TeSlaa,ACTIVE
Isaac Ukwu,ACTIVE
Isaac Weaver,ACTIVE
Isaac Whitney,ACTIVE
Isaac Yiadom,ACTIVE
Isaiah Bolden,ACTIVE
Isaiah Bond,ACTIVE
Isaiah Bowser,ACTIVE
Isaiah Buggs,ACTIVE
Isaiah Coulter,ACTIVE
Isaiah Crowell,ACTIVE
Isaiah Davis,ACTIVE
Isaiah Dunn,QUESTIONABLE
Isaiah Ford,ACTIVE
Isaiah Foskey,ACTIVE
Isaiah Graham-Mobley,ACTIVE
Isaiah Hodgins,ACTIVE
Isaiah Iton,INJURY_RESERVE
Isaiah Johnson,QUESTIONABLE
Isaiah Kaufusi,ACTIVE
Isaiah Land,ACTIVE
Isaiah Likely,QUESTIONABLE
Isaiah Mack,ACTIVE
Isaiah McDuffie,ACTIVE
Isaiah McGuire,ACTIVE
Isaiah McKenzie,ACTIVE
Isaiah McKoy,ACTIVE
Isaiah Moore,ACTIVE
Isaiah Neyor,ACTIVE
Isaiah Norman,ACTIVE
Isaiah Nwokobia,QUESTIONABLE
Isaiah Oliver,ACTIVE
Isaiah Pola-Mao,ACTIVE
Isaiah Pryor,ACTIVE
Isaiah Raikes,ACTIVE
Isaiah Rodgers,ACTIVE
Isaiah Simmons,ACTIVE
Isaiah Smith,ACTIVE
Isaiah Spiller,ACTIVE
Isaiah Stalbird,ACTIVE
Isaiah Thomas,ACTIVE
Isaiah Washington,ACTIVE
Isaiah Williams,ACTIVE
Isaiah Winstead,ACTIVE
Isaiah Wooden,ACTIVE
Isaiah Wright,ACTIVE
Isaiah Wynn,ACTIVE
Isaiah Zuber,ACTIVE
Isaiahh Loudermilk,ACTIVE
Isas Waxter,ACTIVE
Ishmael Hyman,ACTIVE
Isiah King,ACTIVE
Isiah Pacheco,INJURY_RESERVE
Isiah Swann,ACTIVE
Israel Abanikanda,ACTIVE
Israel Antwine,ACTIVE
Israel Mukuamu,QUESTIONABLE
Ito Smith,ACTIVE
Ivan Pace Jr.,ACTIVE
Izaiah Gathings,ACTIVE
J. Michael Sturdivant,ACTIVE
J.C. Jackson,ACTIVE
J.D. McKissic,ACTIVE
J.J. Arcega-Whiteside,ACTIVE
J.J. Jones,ACTIVE
J.J. Koski,ACTIVE
J.J. McCarthy,ACTIVE
J.J. Nelson,ACTIVE
J.J. Russell,QUESTIONABLE
J.J. Taylor,ACTIVE
J.J. Weaver,ACTIVE
J.J. Wilcox,ACTIVE
J.K. Dobbins,ACTIVE
J.P. Holtz,ACTIVE
J.R. Reed,ACTIVE
J.R. Singleton,ACTIVE
J.T. Gray,ACTIVE
J.T. Hassell,ACTIVE
J.T. Ibe,ACTIVE
J'Mar Smith,ACTIVE
J'Marcus Webb,ACTIVE
J'Mari Taylor,ACTIVE
J'Mon Moore,ACTIVE
Ja'Corey Brooks,QUESTIONABLE
Ja'Darius Clark,ACTIVE
Ja'Kobi Lane,INJURY_RESERVE
Ja'Lynn Polk,ACTIVE
Ja'Marcus Bradley,ACTIVE
Ja'Marcus Ingram,INJURY_RESERVE
Ja'Markis Weston,INJURY_RESERVE
Ja'Marr Chase,QUESTIONABLE
Ja'Mion Franklin,ACTIVE
Ja'Mori Maclin,ACTIVE
Ja'Quan McMillian,ACTIVE
Ja'Quan Sheppard,ACTIVE
Ja'Quinden Jackson,QUESTIONABLE
Ja'Qurious Conley,QUESTIONABLE
Ja'seem Reed,ACTIVE
Ja'Sir Taylor,INJURY_RESERVE
Ja'Tavion Sanders,ACTIVE
Ja'Whaun Bentley,ACTIVE
Ja'Wuan James,ACTIVE
Jaaron Hayek,ACTIVE
Jabaal Sheard,ACTIVE
Jabari Ellis,ACTIVE
Jabari Small,ACTIVE
Jabari Zuniga,ACTIVE
Jabbar Muhammad,ACTIVE
Jabril Cox,ACTIVE
Jabrill Peppers,ACTIVE
Jacardia Wright,ACTIVE
Jace Sternberger,ACTIVE
Jace Whittaker,ACTIVE
Jachai Polite,ACTIVE
Jack Bech,INJURY_RESERVE
Jack Bouwmeester,ACTIVE
Jack Browning,ACTIVE
Jack Campbell,ACTIVE
Jack Coan,ACTIVE
Jack Cochrane,ACTIVE
Jack Colletto,ACTIVE
Jack Conklin,ACTIVE
Jack Crawford,ACTIVE
Jack Dingle,ACTIVE
Jack Endries,ACTIVE
Jack Fox,ACTIVE
Jack Gibbens,ACTIVE
Jack Heflin,ACTIVE
Jack Henderson,ACTIVE
Jack Jones,ACTIVE
Jack Kelly,ACTIVE
Jack Kiser,ACTIVE
Jack Koerner,ACTIVE
Jack Plummer,ACTIVE
Jack Podlesny,ACTIVE
Jack Pyburn,ACTIVE
Jack Sanborn,ACTIVE
Jack Sawyer,ACTIVE
Jack Sorenson,ACTIVE
Jack Stoll,ACTIVE
Jack Stonehouse,ACTIVE
Jack Strand,ACTIVE
Jack Velling,ACTIVE
Jack Westover,ACTIVE
Jackie Marshall,ACTIVE
Jackson Acker,ACTIVE
Jackson Carman,ACTIVE
Jackson Hawes,ACTIVE
Jackson Kuwatch,ACTIVE
Jackson Meeks,ACTIVE
Jackson Mitchell,ACTIVE
Jackson Porter,ACTIVE
Jackson Sirmon,ACTIVE
Jackson Woodard,QUESTIONABLE
Jacob Clark,ACTIVE
Jacob Copeland,ACTIVE
Jacob Cowing,ACTIVE
Jacob De Jesus,ACTIVE
Jacob Eason,ACTIVE
Jacob Harris,ACTIVE
Jacob Hollister,ACTIVE
Jacob Kibodi,ACTIVE
Jacob Martin,ACTIVE
Jacob Parrish,ACTIVE
Jacob Phillips,QUESTIONABLE
Jacob Roberts,ACTIVE
Jacob Rodriguez,ACTIVE
Jacob Saylors,ACTIVE
Jacob Sirmon,ACTIVE
Jacob Slade,QUESTIONABLE
Jacob Sykes,ACTIVE
Jacob Thieneman,ACTIVE
Jacob Thomas,ACTIVE
Jacob Tuioti-Mariner,ACTIVE
Jacob Warren,ACTIVE
Jacobe Covington,ACTIVE
Jacobian Guillory II,ACTIVE
Jacoby Brissett,ACTIVE
Jacoby Jones,INJURY_RESERVE
JaCoby Stevens,ACTIVE
Jacoby Windmon,ACTIVE
Jacolby George,ACTIVE
Jacory Croskey-Merritt,QUESTIONABLE
Jacques Patrick,ACTIVE
Jacquies Smith,ACTIVE
Jacub Panasiuk,ACTIVE
Jadakis Bonds,ACTIVE
Jadarian Price,INJURY_RESERVE
Jaden Bradley,ACTIVE
Jaden Crumedy,ACTIVE
Jaden Davis,ACTIVE
Jaden Dugger,ACTIVE
Jaden Hicks,ACTIVE
Jaden Keller,ACTIVE
Jaden Nixon,ACTIVE
Jaden Robinson,ACTIVE
Jaden Shirden,ACTIVE
Jaden Smith,ACTIVE
Jadeveon Clowney,ACTIVE
Jadon Canady,ACTIVE
Jadon Haselwood,ACTIVE
Jadon Janke,ACTIVE
Jaeden Graham,ACTIVE
Jaelan Phillips,QUESTIONABLE
Jaelen Gill,ACTIVE
Jaelon Darden,ACTIVE
Jah Joyner,ACTIVE
Jahad Thomas,ACTIVE
Jahan Dotson,ACTIVE
Jahdae Barron,ACTIVE
Jahdae Walker,ACTIVE
Jaheim Bell,ACTIVE
Jaheim Thomas,ACTIVE
Jahfari Harvey,ACTIVE
Jahlani Tavai,ACTIVE
Jahleel Addae,ACTIVE
Jahmal Banks,ACTIVE
Jahmeer Carter,ACTIVE
Jahmyr Gibbs,ACTIVE
Jahquez Robinson,INJURY_RESERVE
Jahvaree Ritzie,ACTIVE
Jai'Onte' McMillan,ACTIVE
Jaiden Woodbey,ACTIVE
Jailin Walker,ACTIVE
Jairon McVea,ACTIVE
Jaishawn Barham,ACTIVE
Jaivon Heiligh,ACTIVE
Jake Bailey,ACTIVE
Jake Bargas,ACTIVE
Jake Bates,ACTIVE
Jake Bobo,INJURY_RESERVE
Jake Breeland,ACTIVE
Jake Brendel,ACTIVE
Jake Briningstool,ACTIVE
Jake Browning,ACTIVE
Jake Burt,ACTIVE
Jake Butt,ACTIVE
Jake Camarda,ACTIVE
Jake Carlock,ACTIVE
Jake Chaney,ACTIVE
Jake Dolegala,ACTIVE
Jake Elliott,ACTIVE
Jake Ferguson,ACTIVE
Jake Fromm,ACTIVE
Jake Funk,ACTIVE
Jake Gervase,ACTIVE
Jake Golday,ACTIVE
Jake Haener,ACTIVE
Jake Hansen,ACTIVE
Jake Hausmann,ACTIVE
Jake Herslow,ACTIVE
Jake Hummel,INJURY_RESERVE
Jake Julien,ACTIVE
Jake Kumerow,ACTIVE
Jake Lampman,ACTIVE
Jake Luton,ACTIVE
Jake Matthews,QUESTIONABLE
Jake McQuaide,ACTIVE
Jake Moody,ACTIVE
Jake Rudock,ACTIVE
Jake Ryan,ACTIVE
Jake Tonges,INJURY_RESERVE
Jake Verity,ACTIVE
Jakeem Grant Sr.,ACTIVE
Jakob Johnson,ACTIVE
Jakob Robinson,ACTIVE
Jakobe Thomas,ACTIVE
Jakobi Meyers,ACTIVE
Jakobie Keeney-James,ACTIVE
Jakorian Bennett,INJURY_RESERVE
Jalan Gaines,ACTIVE
Jaleel Johnson,ACTIVE
Jaleel McLaughlin,ACTIVE
Jaleel Scott,ACTIVE
Jalen Brooks,ACTIVE
Jalen Camp,ACTIVE
Jalen Carter,ACTIVE
Jalen Coker,QUESTIONABLE
Jalen Dalton,ACTIVE
Jalen Davis,INJURY_RESERVE
Jalen Elliott,ACTIVE
Jalen Graham,ACTIVE
Jalen Guyton,ACTIVE
Jalen Harris,ACTIVE
Jalen Hunt,ACTIVE
Jalen Hurd,ACTIVE
Jalen Hurts,ACTIVE
Jalen Huskey,ACTIVE
Jalen Jackson,ACTIVE
Jalen Jelks,ACTIVE
Jalen Julius,ACTIVE
Jalen Kimber,ACTIVE
Jalen Logan-Redding,ACTIVE
Jalen McCleskey,ACTIVE
Jalen McLeod,ACTIVE
Jalen McMillan,INJURY_RESERVE
Jalen McMurray,ACTIVE
Jalen Mills,ACTIVE
Jalen Milroe,ACTIVE
Jalen Moreno-Cropper,ACTIVE
Jalen Morton,ACTIVE
Jalen Nailor,OUT
Jalen Pitre,ACTIVE
Jalen Ramsey,QUESTIONABLE
Jalen Reagor,ACTIVE
Jalen Redmond,ACTIVE
Jalen Reeves-Maybin,ACTIVE
Jalen Richard,ACTIVE
Jalen Royals,ACTIVE
Jalen Sample,ACTIVE
Jalen Stroman,ACTIVE
Jalen Thompson,INJURY_RESERVE
Jalen Tolbert,ACTIVE
Jalen Virgil,QUESTIONABLE
Jalen Walthall,ACTIVE
Jalen Wayne,ACTIVE
Jalen White,ACTIVE
Jalen Wydermyer,ACTIVE
Jalin Conyers,ACTIVE
Jalin Hyatt,ACTIVE
Jalon Calhoun,ACTIVE
Jalon Daniels,ACTIVE
Jalon Kilgore,ACTIVE
Jalon Walker,INJURY_RESERVE
Jalyn Armour-Davis,QUESTIONABLE
Jalyn Holmes,ACTIVE
Jalyn Phillips,ACTIVE
Jalyx Hunt,ACTIVE
Jam Miller,ACTIVE
Jamaal Pritchett,ACTIVE
Jamaal Williams,ACTIVE
Jamal Adams,INJURY_RESERVE
Jamal Agnew,QUESTIONABLE
Jamal Carter,ACTIVE
Jamal Custis,ACTIVE
Jamal Davis II,ACTIVE
Jamal Haynes,ACTIVE
Jamal Hill,QUESTIONABLE
Jamal Perry,ACTIVE
Jamal Peters,ACTIVE
Jamal Pettigrew,ACTIVE
Jamal Woods,ACTIVE
Jamar Johnson,ACTIVE
Jamar Taylor,ACTIVE
Jamar Watson,ACTIVE
Jamarco Jones,QUESTIONABLE
Jamaree Caldwell,ACTIVE
Jamari Thrash,ACTIVE
Jamarion Miller,ACTIVE
Jameis Winston,ACTIVE
Jamel Dean,OUT
Jamel Johnson,ACTIVE
Jamell Garcia-Williams,ACTIVE
James Blackman,ACTIVE
James Bradberry IV,ACTIVE
James Burgess Jr.,ACTIVE
James Burnip,ACTIVE
James Campbell,ACTIVE
James Carpenter,ACTIVE
James Conner,INJURY_RESERVE
James Cook III,ACTIVE
James Crawford,ACTIVE
James Daniels,ACTIVE
James Ester,ACTIVE
James Houston,OUT
James Lockhart,ACTIVE
James Looney,ACTIVE
James Lynch,ACTIVE
James McCourt,ACTIVE
James Mitchell,ACTIVE
James Morgan,ACTIVE
James Nyamwaya,ACTIVE
James O'Shaughnessy,ACTIVE
James Pearce Jr.,SUSPENSION
James Pierre,ACTIVE
James Proche II,ACTIVE
James Robinson,ACTIVE
James Rolder,ACTIVE
James Skalski,ACTIVE
James Smith,ACTIVE
James Smith-Williams,ACTIVE
James Thompson Jr.,DOUBTFUL
James Turner,ACTIVE
James Vaughters,ACTIVE
James Washington,ACTIVE
James Wiggins,ACTIVE
James Williams Sr.,ACTIVE
James Winchester,ACTIVE
Jameson Geers,INJURY_RESERVE
Jameson Houston,ACTIVE
Jameson Williams,ACTIVE
Jamie Collins Sr.,ACTIVE
Jamie Gillan,ACTIVE
Jamie Newman,ACTIVE
Jamie Sheriff,ACTIVE
Jamien Sherwood,ACTIVE
Jamil Demby,ACTIVE
Jamil Muhammad,ACTIVE
Jamin Davis,ACTIVE
Jamir Jones,ACTIVE
Jamison Crowder,ACTIVE
Jamize Olawale,ACTIVE
Jammie Robinson,ACTIVE
Jamoi Mayes,ACTIVE
Jamon Brown,ACTIVE
Jamon Johnson,ACTIVE
Jamree Kromah,ACTIVE
JaMycal Hasty,ACTIVE
Jan Johnson,ACTIVE
Janarius Robinson,ACTIVE
Janoris Jenkins,ACTIVE
JaQuae Jackson,ACTIVE
Jaquan Amos,ACTIVE
JaQuan Bailey,ACTIVE
Jaquan Brisker,ACTIVE
JaQuan Hardy,ACTIVE
Jaquan Johnson,ACTIVE
Jaquarii Roberson,ACTIVE
Jaquarius Landrews,ACTIVE
Jaquelin Roy,ACTIVE
Jaquiski Tartt,ACTIVE
Jaray Jenkins,ACTIVE
Jared Bartlett,INJURY_RESERVE
Jared Bernhardt,ACTIVE
Jared Cook,ACTIVE
Jared Goff,ACTIVE
Jared Harrison-Hunte,ACTIVE
Jared Ivey,ACTIVE
Jared Mayden,ACTIVE
Jared Norris,ACTIVE
Jared Pinkney,ACTIVE
Jared Scott,ACTIVE
Jared Smart,ACTIVE
Jared Veldheer,ACTIVE
Jared Verse,ACTIVE
Jared Wayne,ACTIVE
Jared Wiley,ACTIVE
Jaren Hall,ACTIVE
Jaren Kanak,INJURY_RESERVE
Jaret Patterson,ACTIVE
Jarius Monroe,ACTIVE
Jarius Wright,ACTIVE
Jarod Washington,ACTIVE
Jaron Brown,ACTIVE
Jarquez Hunter,ACTIVE
Jarrad Davis,ACTIVE
Jarran Reed,ACTIVE
Jarren Williams,ACTIVE
Jarrett Guarantano,ACTIVE
Jarrett Stidham,ACTIVE
Jarrian Jones,QUESTIONABLE
Jarrick Bernard-Converse,INJURY_RESERVE
Jarrod Hewitt,ACTIVE
Jarrod Wilson,ACTIVE
Jarveon Howard,ACTIVE
Jarvis Brownlee Jr.,QUESTIONABLE
Jarvis Landry,ACTIVE
Jarvis Miller,ACTIVE
Jase McClellan,ACTIVE
Jashaun Corbin,ACTIVE
Jasheen Davis,ACTIVE
Jashon Cornell,ACTIVE
Jason Bean,ACTIVE
Jason Brownlee,ACTIVE
Jason Cabinda,ACTIVE
Jason Croom,ACTIVE
Jason Huntley,ACTIVE
Jason Johnson,ACTIVE
Jason Lewan,ACTIVE
Jason Maitre,QUESTIONABLE
Jason Marshall Jr.,ACTIVE
Jason McCourty,ACTIVE
Jason Moore,ACTIVE
Jason Myers,ACTIVE
Jason Peters,ACTIVE
Jason Pierre-Paul,ACTIVE
Jason Pinnock,QUESTIONABLE
Jason Sanders,ACTIVE
Jason Spriggs,ACTIVE
Jason Strowbridge,ACTIVE
Jason Taylor II,ACTIVE
Jason Vander Laan,ACTIVE
JaTravis Broughton,ACTIVE
Jauan Jennings,ACTIVE
Javelin Guidry,ACTIVE
Javian Hawkins,ACTIVE
Javien Elliott,ACTIVE
Javin White,ACTIVE
Javin Wright,ACTIVE
Javon Baker,ACTIVE
Javon Bullard,ACTIVE
Javon Hagan,ACTIVE
Javon Hargrave,ACTIVE
Javon Kinlaw,ACTIVE
Javon Leake,ACTIVE
Javon McKinley,ACTIVE
Javon Solomon,ACTIVE
Javon Wims,ACTIVE
JaVonta Payton,ACTIVE
Javontae Jean-Baptiste,ACTIVE
Javonte Williams,ACTIVE
Javorius Allen,ACTIVE
Jawhar Jordan,ACTIVE
Jaxon Janke,ACTIVE
Jaxon Smith-Njigba,ACTIVE
Jaxson Dart,INJURY_RESERVE
Jaxson Moi,ACTIVE
Jay Ajayi,ACTIVE
Jay Higgins IV,ACTIVE
Jay Person,ACTIVE
Jay Toia,ACTIVE
Jay Tufele,ACTIVE
Jay Ward,ACTIVE
Jay-Tee Tiuli,ACTIVE
Jay'viar Suggs,ACTIVE
Jaycee Horn,INJURY_RESERVE
Jayden Daniels,ACTIVE
Jayden Higgins,INJURY_RESERVE
Jayden Loving,ACTIVE
Jayden Peevy,ACTIVE
Jayden Price,ACTIVE
Jayden Reed,INJURY_RESERVE
Jaydn Ott,ACTIVE
Jaydon Blue,ACTIVE
Jaydon Grant,ACTIVE
Jaydon Mickens,ACTIVE
Jaylahn Tuimoloau,ACTIVE
Jaylan Alexander,ACTIVE
Jaylan Ford,INJURY_RESERVE
Jaylen Harrell,INJURY_RESERVE
Jaylen Johnson,ACTIVE
Jaylen Jones,ACTIVE
Jaylen Key,ACTIVE
Jaylen Mahoney,ACTIVE
Jaylen McCollough,ACTIVE
Jaylen Moody,ACTIVE
Jaylen Reed,ACTIVE
Jaylen Samuels,ACTIVE
Jaylen Smith,ACTIVE
Jaylen Twyman,ACTIVE
Jaylen Waddle,ACTIVE
Jaylen Warren,ACTIVE
Jaylen Watkins,ACTIVE
Jaylen Watson,QUESTIONABLE
Jaylen Wright,QUESTIONABLE
Jaylin Lane,INJURY_RESERVE
Jaylin Noel,ACTIVE
Jaylin Simpson,ACTIVE
Jaylin Smith,INJURY_RESERVE
Jaylin Williams,ACTIVE
Jaylinn Hawkins,ACTIVE
Jaylon Allen,ACTIVE
Jaylon Carlies,QUESTIONABLE
Jaylon Guilbeau,ACTIVE
Jaylon Hutchings,QUESTIONABLE
Jaylon Johnson,ACTIVE
Jaylon Jones,ACTIVE
Jaylon Moore,ACTIVE
Jaylon Smith,ACTIVE
Jayon Brown,ACTIVE
Jayron Kearse,ACTIVE
Jayrone Elliott,ACTIVE
Jayson Ademilola,ACTIVE
Jayson Jones,ACTIVE
Jayson Stanley,ACTIVE
Jaytlin Askew,ACTIVE
JayVian Farr,ACTIVE
JB Brown,ACTIVE
JC Tretter,ACTIVE
JD Bertrand,INJURY_RESERVE
Je'Quan Burton,ACTIVE
Jeadyn Lukus,ACTIVE
Jean Delance,ACTIVE
Jeff Badet,ACTIVE
Jeff Caldwell,INJURY_RESERVE
Jeff Cotton,ACTIVE
Jeff Driskel,ACTIVE
Jeff Foreman,ACTIVE
Jeff Heath,ACTIVE
Jeff Hector,ACTIVE
Jeff Heuerman,ACTIVE
Jeff Holland,ACTIVE
Jeff Okudah,QUESTIONABLE
Jeff Smith,ACTIVE
Jeff Thomas,ACTIVE
Jeff Weimer,ACTIVE
Jeff Wilson Jr.,ACTIVE
Jeffery Simmons,ACTIVE
Jeffery Whatley,ACTIVE
Jeffrey Bassa,ACTIVE
Jeffrey M'ba,ACTIVE
Jegs Jegede,ACTIVE
Jehu Chesson,ACTIVE
Jelani Baker,ACTIVE
Jelani Woods,ACTIVE
Jequez Ezzard,ACTIVE
Jer'Zhan Newton,INJURY_RESERVE
Jerald Hawkins,ACTIVE
Jerand Bradley,ACTIVE
Jerell Adams,ACTIVE
Jereme Robinson,ACTIVE
Jeremiah Attaochu,ACTIVE
Jeremiah Dinson,ACTIVE
Jeremiah Franklin,ACTIVE
Jeremiah Gemmel,ACTIVE
Jeremiah Hall,ACTIVE
Jeremiah Haydel,ACTIVE
Jeremiah Jean-Baptiste,ACTIVE
Jeremiah Ledbetter,ACTIVE
Jeremiah Martin,ACTIVE
Jeremiah McClendon,ACTIVE
Jeremiah Moon,ACTIVE
Jeremiah Owusu-Koramoah,OUT
Jeremiah Pharms Jr.,ACTIVE
Jeremiah Trotter Jr.,ACTIVE
Jeremiah Valoaga,ACTIVE
Jeremiah Walker,ACTIVE
Jeremiah Webb,INJURY_RESERVE
Jeremiyah Love,QUESTIONABLE
Jeremy Banks,ACTIVE
Jeremy Boykins,ACTIVE
Jeremy Chinn,ACTIVE
Jeremy Clark,ACTIVE
Jeremy Crawshaw,ACTIVE
Jeremy Hill,ACTIVE
Jeremy Lucien,ACTIVE
Jeremy McNichols,INJURY_RESERVE
Jeremy Reaves,ACTIVE
Jeremy Ruckert,ACTIVE
Jeremy Sprinkle,ACTIVE
Jeremy Vujnovich,ACTIVE
Jerick McKinnon,ACTIVE
Jerjuan Newton,ACTIVE
Jermaine Burton,ACTIVE
Jermaine Carter,ACTIVE
Jermaine Eluemunor,ACTIVE
Jermaine Grace,ACTIVE
Jermaine Jackson,ACTIVE
Jermaine Johnson II,ACTIVE
Jermaine Kearse,ACTIVE
Jermaine Kelly Jr.,ACTIVE
Jermaine Terry II,ACTIVE
Jermar Jefferson,QUESTIONABLE
Jermari Harris,ACTIVE
Jermiah Braswell,ACTIVE
Jermod McCoy,ACTIVE
Jerome Baker,ACTIVE
Jerome Cunningham,ACTIVE
Jerome Ford,ACTIVE
Jerome Johnson,ACTIVE
Jerome Kapp,ACTIVE
Jerreth Sterns,ACTIVE
Jerrick Reed II,ACTIVE
Jerrin Thompson,ACTIVE
Jerrion Ealy,ACTIVE
Jerrod Clark,ACTIVE
Jerron Cage,ACTIVE
Jerry Hughes,ACTIVE
Jerry Jacobs,ACTIVE
Jerry Jeudy,ACTIVE
Jerry Tillery,ACTIVE
Jerry Wilson,QUESTIONABLE
Jeshaun Jones,ACTIVE
Jesper Horsted,ACTIVE
Jesse Davis,ACTIVE
Jesse James,ACTIVE
Jesse Luketa,ACTIVE
Jesse Matthews,ACTIVE
Jessie Bates III,ACTIVE
Jessie Lemonier,ACTIVE
Jester Weah,ACTIVE
Jevon Holland,ACTIVE
Jha'Quan Jackson,ACTIVE
Jhamon Ausbon,ACTIVE
Jhurell Pressley,ACTIVE
Ji'Ayir Brown,ACTIVE
Jibri Blount,ACTIVE
Jihaad Campbell,QUESTIONABLE
Jihad Ward,ACTIVE
Jimmie Ward,QUESTIONABLE
Jimmy Ciarlo,ACTIVE
Jimmy Garoppolo,ACTIVE
Jimmy Graham,ACTIVE
Jimmy Holiday,INJURY_RESERVE
Jimmy Horn Jr.,ACTIVE
Jimmy Kibble,QUESTIONABLE
Jimmy Moreland,ACTIVE
Jimmy Murray,ACTIVE
Jimmy Phillips Jr.,ACTIVE
Jimmy Rolder,ACTIVE
JJ Galbreath,ACTIVE
JJ Howland,ACTIVE
JJ Jansen,ACTIVE
JJ Laap,ACTIVE
JJ Molson,ACTIVE
JJ Pegues,ACTIVE
JJ Roberts,ACTIVE
JK Scott,ACTIVE
JL Skinner,ACTIVE
Joaquin Davis,ACTIVE
Jody Fortson,ACTIVE
Joe Andreessen,ACTIVE
Joe Bachie,ACTIVE
Joe Burrow,ACTIVE
Joe Cardona,ACTIVE
Joe Dahl,ACTIVE
Joe Doyle,ACTIVE
Joe Evans,ACTIVE
Joe Fagnano,ACTIVE
Joe Flacco,ACTIVE
Joe Gaziano,ACTIVE
Joe Giles-Harris,ACTIVE
Joe Haeg,ACTIVE
Joe Jackson,ACTIVE
Joe Jones,ACTIVE
Joe Milton III,ACTIVE
Joe Mixon,QUESTIONABLE
Joe Ostman,ACTIVE
Joe Royer,OUT
Joe Schobert,ACTIVE
Joe Thomas,ACTIVE
Joe Thuney,ACTIVE
Joe Tryon-Shoyinka,ACTIVE
Joe Walker,ACTIVE
Joe Webb,ACTIVE
Joe Williams,ACTIVE
Joejuan Williams,ACTIVE
Joel Bitonio,ACTIVE
Joel Dublanko,ACTIVE
Joel Heath,ACTIVE
Joel Honigford,ACTIVE
Joel Iyiegbuniwe,ACTIVE
Joel Wilson,ACTIVE
Joey Aguilar,ACTIVE
Joey Alfieri,ACTIVE
Joey Blount,INJURY_RESERVE
Joey Bosa,ACTIVE
Joey Hunt,ACTIVE
Joey Ivie,ACTIVE
Joey Porter Jr.,OUT
Joey Slye,ACTIVE
John Atkins,ACTIVE
John Bates,ACTIVE
John Battle,ACTIVE
John Brannon,ACTIVE
John Brown,ACTIVE
John Bullock,ACTIVE
John Cominsky,ACTIVE
John Copenhaver,ACTIVE
John Daka,ACTIVE
John Denney,ACTIVE
John FitzPatrick,ACTIVE
John Franklin,ACTIVE
John Franklin-Myers,ACTIVE
John Hall,ACTIVE
John Hightower,ACTIVE
John Hoyland,ACTIVE
John Humphrey,ACTIVE
John Hurst,ACTIVE
John Jackson,ACTIVE
John Jenkins,ACTIVE
John Jiles,QUESTIONABLE
John Johnson III,ACTIVE
John Kelly Jr.,ACTIVE
John Lovett,ACTIVE
John Metchie III,ACTIVE
John Michael Gyllenborg,INJURY_RESERVE
John Miller,ACTIVE
John Mitchell,ACTIVE
John Morgan III,ACTIVE
John Paddock,ACTIVE
John Penisini,ACTIVE
John Raine,ACTIVE
John Reid,ACTIVE
John Rhys Plumlee,ACTIVE
John Ridgeway III,ACTIVE
John Ross,ACTIVE
John Samuel Shenker,ACTIVE
John Saunders Jr.,ACTIVE
John Stephens Jr.,ACTIVE
John Ursua,ACTIVE
John Wetzel,ACTIVE
John Wolford,ACTIVE
Johnathan Abram,ACTIVE
Johnathan Baldwin II,INJURY_RESERVE
Johnathan Edwards,ACTIVE
Johnathan Hankins,QUESTIONABLE
Johnathan Joseph,ACTIVE
Johnathon Johnson,ACTIVE
Johnnie Dixon,ACTIVE
Johnny Hekker,ACTIVE
Johnny Holton,ACTIVE
Johnny Johnson III,ACTIVE
Johnny King,ACTIVE
Johnny Lumpkin,ACTIVE
Johnny Maxey,ACTIVE
Johnny Mundt,ACTIVE
Johnny Pascuzzi,ACTIVE
Johnny Stanton IV,ACTIVE
Johnny Townsend,ACTIVE
Johnny Walker,ACTIVE
Johnny Wilson,INJURY_RESERVE
Johnson Bademosi,ACTIVE
JoJo Domann,ACTIVE
JoJo Natson,ACTIVE
JoJo Ozougwu,ACTIVE
JoJo Ward,ACTIVE
Jon Alexander,ACTIVE
Jon Bostic,ACTIVE
Jon Brown,ACTIVE
Jon Cunningham,ACTIVE
Jon Feliciano,ACTIVE
Jon Halapio,ACTIVE
Jon Rhattigan,ACTIVE
Jon Weeks,ACTIVE
Jon'Vea Johnson,ACTIVE
Jonah Coleman,INJURY_RESERVE
Jonah Elliss,ACTIVE
Jonah Laulu,ACTIVE
Jonah Tavai,ACTIVE
Jonah Williams,ACTIVE
Jonas Griffith,ACTIVE
Jonas Sanker,ACTIVE
Jonathan Adams,ACTIVE
Jonathan Allen,ACTIVE
Jonathan Baldwin,ACTIVE
Jonathan Brady,ACTIVE
Jonathan Bullard,INJURY_RESERVE
Jonathan Celestin,ACTIVE
Jonathan Duhart,ACTIVE
Jonathan Ford,ACTIVE
Jonathan Garibay,ACTIVE
Jonathan Garvin,INJURY_RESERVE
Jonathan Greenard,QUESTIONABLE
Jonathan Harris,ACTIVE
Jonathan Hilliman,ACTIVE
Jonathan Jones,ACTIVE
Jonathan Kim,ACTIVE
Jonathan Kongbo,ACTIVE
Jonathan Ledbetter,ACTIVE
Jonathan Marshall,ACTIVE
Jonathan Mingo,ACTIVE
Jonathan Owens,ACTIVE
Jonathan Sutherland,ACTIVE
Jonathan Taylor,ACTIVE
Jonathan Ward,ACTIVE
Jonathan Williams,ACTIVE
Jonathan Wynn,ACTIVE
Jonathon Brooks,INJURY_RESERVE
Jonathon Cooper,OUT
Jonnu Smith,ACTIVE
Jonotthan Harrison,ACTIVE
Jontre Kirklin,ACTIVE
Jontrey Hunter,ACTIVE
Jordan Addison,QUESTIONABLE
Jordan Akins,ACTIVE
Jordan Battle,ACTIVE
Jordan Berry,ACTIVE
Jordan Bly,ACTIVE
Jordan Botelho,ACTIVE
Jordan Brailford,ACTIVE
Jordan Brown,ACTIVE
Jordan Burch,ACTIVE
Jordan Byrd,ACTIVE
Jordan Chunn,ACTIVE
Jordan Clark,ACTIVE
Jordan Colbert,QUESTIONABLE
Jordan Dangerfield,ACTIVE
Jordan Davis,ACTIVE
Jordan Devey,ACTIVE
Jordan Dunbar,ACTIVE
Jordan Elliott,ACTIVE
Jordan Evans,ACTIVE
Jordan Fehr,ACTIVE
Jordan Ferguson,ACTIVE
Jordan Franks,ACTIVE
Jordan Fuller,ACTIVE
Jordan Hancock,INJURY_RESERVE
Jordan Howard,ACTIVE
Jordan Howden,ACTIVE
Jordan Hudson,ACTIVE
Jordan Jackson,ACTIVE
Jordan James,ACTIVE
Jordan Jefferson,ACTIVE
Jordan Jenkins,ACTIVE
Jordan Jones,ACTIVE
Jordan Kunaszyk,ACTIVE
Jordan Leggett,ACTIVE
Jordan Love,ACTIVE
Jordan Lucas,ACTIVE
Jordan Mack,ACTIVE
Jordan Magee,INJURY_RESERVE
Jordan Mailata,ACTIVE
Jordan Mason,INJURY_RESERVE
Jordan Matthews,ACTIVE
Jordan Miller,ACTIVE
Jordan Mills,ACTIVE
Jordan Mims,ACTIVE
Jordan Moore,ACTIVE
Jordan Murray,ACTIVE
Jordan Oladokun,ACTIVE
Jordan Perryman,ACTIVE
Jordan Petaia,ACTIVE
Jordan Phillips,QUESTIONABLE
Jordan Polk,ACTIVE
Jordan Poyer,QUESTIONABLE
Jordan Richards,ACTIVE
Jordan Scarlett,ACTIVE
Jordan Simmons,ACTIVE
Jordan Smith,ACTIVE
Jordan Sterns,ACTIVE
Jordan Stout,ACTIVE
Jordan Swann,ACTIVE
Jordan Ta'amu,ACTIVE
Jordan Thomas,ACTIVE
Jordan Toles,ACTIVE
Jordan Turner,ACTIVE
Jordan van den Berg,ACTIVE
Jordan Veasy,ACTIVE
Jordan Washington,ACTIVE
Jordan Waters,ACTIVE
Jordan Watkins,ACTIVE
Jordan Whitehead,ACTIVE
Jordan Whittington,ACTIVE
Jordan Wilkins,ACTIVE
Jordan Williams,ACTIVE
Jordan Willis,ACTIVE
Jordan Young,ACTIVE
Jordon Riley,OUT
Jordon Scott,ACTIVE
Jordon Vaughn,ACTIVE
Jordyn Brooks,ACTIVE
Jordyn Peters,ACTIVE
Jordyn Tyson,INJURY_RESERVE
Josaiah Stewart,QUESTIONABLE
Jose Barbon,ACTIVE
Jose Borregales,ACTIVE
Jose Ramirez,ACTIVE
Joseph Charlton,ACTIVE
Joseph Manjack,ACTIVE
Joseph Manjack IV,ACTIVE
Joseph Ngata,ACTIVE
Joseph Noteboom,ACTIVE
Joseph Ossai,ACTIVE
Joseph Scates,ACTIVE
Joseph Vaughn,QUESTIONABLE
Josey Jewell,QUESTIONABLE
Josh Adams,ACTIVE
Josh Ali,ACTIVE
Josh Allen,ACTIVE
Josh Andrews,ACTIVE
Josh Avery,ACTIVE
Josh Babicz,ACTIVE
Josh Bellamy,ACTIVE
Josh Black,ACTIVE
Josh Blackwell,ACTIVE
Josh Brown,ACTIVE
Josh Butler,ACTIVE
Josh Bynes,ACTIVE
Josh Cameron,ACTIVE
Josh Carraway,ACTIVE
Josh Cuevas,ACTIVE
Josh DeBerry,ACTIVE
Josh Doctson,ACTIVE
Josh Downs,ACTIVE
Josh Drayden,ACTIVE
Josh Ferguson,ACTIVE
Josh Fuga,ACTIVE
Josh Gordon,ACTIVE
Josh Hammond,ACTIVE
Josh Harris,ACTIVE
Josh Harvey-Clemons,ACTIVE
Josh Hayes,INJURY_RESERVE
Josh Hines-Allen,QUESTIONABLE
Josh Hokit,ACTIVE
Josh Imatorbhebhe,ACTIVE
Josh Jackson,ACTIVE
Josh Jacobs,DAY_TO_DAY
Josh Jobe,ACTIVE
Josh Johnson,ACTIVE
Josh Jones,ACTIVE
Josh Kattus,ACTIVE
Josh Kelly,ACTIVE
Josh Love,ACTIVE
Josh Martin,ACTIVE
Josh Mauro,ACTIVE
Josh McCown,ACTIVE
Josh Minkins,QUESTIONABLE
Josh Newton,ACTIVE
Josh Norman,ACTIVE
Josh Norwood,ACTIVE
Josh Nurse,ACTIVE
Josh Oliver,INJURY_RESERVE
Josh Paschal,ACTIVE
Josh Pearcy,ACTIVE
Josh Pearson,ACTIVE
Josh Pederson,ACTIVE
Josh Pitsenberger,ACTIVE
Josh Proctor,ACTIVE
Josh Reynolds,ACTIVE
Josh Rosen,ACTIVE
Josh Ross,ACTIVE
Josh Shaw,ACTIVE
Josh Smith,ACTIVE
Josh Sweat,ACTIVE
Josh Thomas,ACTIVE
Josh Thompson,ACTIVE
Josh Tupou,ACTIVE
Josh Uche,ACTIVE
Josh Valentine-Turner,ACTIVE
Josh Vann,ACTIVE
Josh Wallace,ACTIVE
Josh Watson,ACTIVE
Josh Wells,ACTIVE
Josh Whyle,ACTIVE
Josh Williams,ACTIVE
Josh Woodrum,ACTIVE
Josh Woods,ACTIVE
Joshua Cephus,ACTIVE
Joshua Crockett,ACTIVE
Joshua Cuevas,ACTIVE
Joshua Dobbs,ACTIVE
Joshua Farmer,ACTIVE
Joshua Josephs,ACTIVE
Joshua Kaindoh,ACTIVE
Joshua Kalu,ACTIVE
Joshua Karty,ACTIVE
Joshua Kelley,ACTIVE
Joshua Metellus,ACTIVE
Joshua Moon,ACTIVE
Joshua Onujiogu,ACTIVE
Joshua Palmer,ACTIVE
Joshua Perkins,ACTIVE
Joshua Pickett,ACTIVE
Joshua Pryor,ACTIVE
Joshua Simon,ACTIVE
Joshua Weru,ACTIVE
Joshua Williams,INJURY_RESERVE
Joshuah Bledsoe,ACTIVE
Josiah Bronson,ACTIVE
Josiah Deguara,ACTIVE
Josiah Green,ACTIVE
Josiah Scott,ACTIVE
Josiah Tauaefa,ACTIVE
Josiah Trotter,ACTIVE
Jotham Russell,ACTIVE
Jourdan Heilig,ACTIVE
Jourdan Lewis,QUESTIONABLE
Jovan Grant,ACTIVE
Jovan Swann,ACTIVE
Jovante Moffatt,ACTIVE
Jowon Briggs,ACTIVE
JP Richardson,ACTIVE
JR Pace,ACTIVE
JT Woods,ACTIVE
Juan Thornhill,ACTIVE
Juanyeh Thomas,ACTIVE
Jude McAtamney,ACTIVE
Judge Culpepper,ACTIVE
JuJu Brents,QUESTIONABLE
JuJu Hughes,ACTIVE
JuJu Smith-Schuster,ACTIVE
Julian Blackmon,QUESTIONABLE
Julian Diaz,ACTIVE
Julian Fleming,ACTIVE
Julian Hicks,ACTIVE
Julian Hill,INJURY_RESERVE
Julian Love,ACTIVE
Julian Neal,QUESTIONABLE
Julian Okwara,ACTIVE
Julian Stanford,ACTIVE
Julien Davenport,ACTIVE
Julio Jones,ACTIVE
Julius Chestnut,ACTIVE
Julius Welschof,ACTIVE
Julius Wood,ACTIVE
Jullian Taylor,ACTIVE
Junior Aho,ACTIVE
Junior Bergen,ACTIVE
Junior Colson,ACTIVE
Junior Faulk,ACTIVE
Junior Tafuna,ACTIVE
Jurrell Casey,ACTIVE
Justice Hill,ACTIVE
Justice Shelton-Mosley,ACTIVE
Justin Barron,ACTIVE
Justin Bethel,ACTIVE
Justin Blazek,ACTIVE
Justin Coleman,ACTIVE
Justin Eboigbe,ACTIVE
Justin Ellis,ACTIVE
Justin Evans,ACTIVE
Justin Fields,ACTIVE
Justin Hall,ACTIVE
Justin Hamilton,ACTIVE
Justin Hardee Sr.,QUESTIONABLE
Justin Hardy,ACTIVE
Justin Herbert,ACTIVE
Justin Hilliard,ACTIVE
Justin Hollins,QUESTIONABLE
Justin Houston,ACTIVE
Justin Jackson,ACTIVE
Justin Jefferson,ACTIVE
Justin Johnson,ACTIVE
Justin Joly,QUESTIONABLE
Justin Jones,ACTIVE
Justin Lawler,ACTIVE
Justin Layne,ACTIVE
Justin Lockhart,ACTIVE
Justin March-Lillard,ACTIVE
Justin Marshall,ACTIVE
Justin McCray,ACTIVE
Justin Phillips,ACTIVE
Justin Pugh,ACTIVE
Justin Reid,ACTIVE
Justin Rigg,ACTIVE
Justin Rogers,ACTIVE
Justin Rohrwasser,ACTIVE
Justin Shorter,ACTIVE
Justin Simmons,ACTIVE
Justin Strnad,ACTIVE
Justin Tucker,ACTIVE
Justin Walley,ACTIVE
Justin Watson,ACTIVE
Justin Zimmer,ACTIVE
Juston Burris,ACTIVE
Justus Reed,ACTIVE
Justus Tavai,ACTIVE
Justyn Ross,ACTIVE
Juwan Green,ACTIVE
Juwan Johnson,ACTIVE
Juwann Winfree,ACTIVE
Jy Gilmore,ACTIVE
K.C. Ossai,INJURY_RESERVE
K.J. Britt,ACTIVE
K.J. Cloyd,ACTIVE
K.J. Osborn,ACTIVE
K'Lavon Chaisson,ACTIVE
K'Von Wallace,ACTIVE
K'Waun Williams,ACTIVE
Ka'dar Hollman,ACTIVE
Ka'imi Fairbairn,ACTIVE
Ka'Raun White,ACTIVE
Kaare Vedvik,ACTIVE
Kabion Ento,ACTIVE
Kadarius Calloway,QUESTIONABLE
Kadarius Toney,ACTIVE
Kade Warner,ACTIVE
Kaden Davis,ACTIVE
Kaden Elliss,OUT
Kaden Prather,ACTIVE
Kaden Smith,ACTIVE
Kaden Wetjen,ACTIVE
Kader Kohou,ACTIVE
Kadofi Wright,ACTIVE
Kaelon Black,ACTIVE
Kaevon Merriweather,ACTIVE
Kahale Warring,ACTIVE
Kahani Smith,ACTIVE
Kahlef Hailassie,ACTIVE
Kahlil McKenzie,ACTIVE
Kahlil Saunders,ACTIVE
Kahzin Daniels,ACTIVE
Kahzir Brown,ACTIVE
Kai Forbath,ACTIVE
Kai Kroeger,ACTIVE
Kai Locksley,ACTIVE
Kai Nacua,ACTIVE
Kaieem Caesar,ACTIVE
Kaiir Elam,ACTIVE
Kaimon Rucker,ACTIVE
Kain Medrano,ACTIVE
Kairee Robinson,ACTIVE
Kalan Reed,ACTIVE
Kaleb Elarms-Orr,ACTIVE
Kaleb Ford-Dement,ACTIVE
Kaleb Hayes,ACTIVE
Kaleb Johnson,ACTIVE
Kaleb Proctor,INJURY_RESERVE
Kalel Mullings,QUESTIONABLE
Kalen Ballage,ACTIVE
Kalen DeLoach,ACTIVE
Kalen King,ACTIVE
Kalia Davis,INJURY_RESERVE
Kalif Jackson,ACTIVE
Kalif Raymond,ACTIVE
Kalija Lipscomb,ACTIVE
Kalil Pimpleton,ACTIVE
Kalon Barnes,ACTIVE
Kam Alexander,ACTIVE
Kam Arnold,ACTIVE
Kam Curl,ACTIVE
Kamal Hadden,ACTIVE
Kamal Martin,ACTIVE
Kamalei Correa,ACTIVE
Kamari Lassiter,ACTIVE
Kamari Ramsey,ACTIVE
Kameron Brown,ACTIVE
Kameron Canaday,ACTIVE
Kameron Cline,ACTIVE
Kameron Johnson,ACTIVE
Kamren Kinchens,ACTIVE
Kamu Grugier-Hill,ACTIVE
Kana'i Mauga,ACTIVE
Kani Walker,ACTIVE
Kansei Matsuzawa,ACTIVE
Kapena Gushiken,ACTIVE
Karan Higdon,ACTIVE
Kareem Hunt,ACTIVE
Kareem Jackson,ACTIVE
Kareem Martin,ACTIVE
Kareem Orr,ACTIVE
Karene Reid,ACTIVE
Karl Brooks,ACTIVE
Karl Joseph,ACTIVE
Karon Prunty,OUT
Karson Sharar,QUESTIONABLE
Kary Vincent Jr.,ACTIVE
Kavon Frazier,ACTIVE
KaVontae Turpin,ACTIVE
Kawaan Baker,ACTIVE
Kawann Short,ACTIVE
Kay'Ron Lynch-Adams,ACTIVE
Kayden McDonald,INJURY_RESERVE
Kaylon Geiger,ACTIVE
Kayshon Boutte,ACTIVE
Kaytron Allen,ACTIVE
Kayvon Thibodeaux,ACTIVE
Kayvon Webster,ACTIVE
Kazmeir Allen,ACTIVE
KC Concepcion,ACTIVE
KC Eziomume,QUESTIONABLE
KD Cannon,ACTIVE
Ke'Shawn Vaughn,ACTIVE
Ke'Shawn Williams,ACTIVE
Keandre Jones,ACTIVE
KeAndre Lambert-Smith,INJURY_RESERVE
Keaontay Ingram,ACTIVE
Kearis Jackson,ACTIVE
Keaton Ellis,ACTIVE
Keaton Mitchell,ACTIVE
Kedon Slovis,ACTIVE
Kedrick Whitehead,ACTIVE
Keeanu Benton,ACTIVE
Keelan Cole Sr.,ACTIVE
Keelan Doss,ACTIVE
Keelan Marion,ACTIVE
Keenan Allen,QUESTIONABLE
Keenan Garber,ACTIVE
Keenan Isaac,ACTIVE
KeeSean Johnson,ACTIVE
Keeshawn Silver,QUESTIONABLE
Kehinde Oginni Hassan,ACTIVE
Kei'Trel Clark,ACTIVE
Keidron Smith,ACTIVE
Keilahn Harris,ACTIVE
Keilan Robinson,QUESTIONABLE
Keion Crossen,ACTIVE
Keion White,ACTIVE
Keionta Davis,ACTIVE
Keionte Scott,ACTIVE
Keir Thomas II,INJURY_RESERVE
Keisean Nixon,ACTIVE
Keishawn Bierria,ACTIVE
Keith Abney,ACTIVE
Keith Abney II,ACTIVE
Keith Cooper Jr.,ACTIVE
Keith Kirkwood,ACTIVE
Keith Randolph,QUESTIONABLE
Keith Reaser,ACTIVE
Keith Smith,ACTIVE
Keith Taylor,QUESTIONABLE
Keith Washington Jr.,ACTIVE
KeiVarae Russell,ACTIVE
Keivie Rose,ACTIVE
Kejon Owens,QUESTIONABLE
Kekaula Kaniho,ACTIVE
Keke Coutee,ACTIVE
Kekoa Crawford,ACTIVE
Keldric Faulk,ACTIVE
Kelechi Anyalebechi,ACTIVE
Kelechi Osemele,ACTIVE
Kelee Ringo,ACTIVE
Keleki Latu,ACTIVE
Keli Lawson,ACTIVE
Kelle Sanders,ACTIVE
Kellen Mond,ACTIVE
Kelly Akharaiyi,ACTIVE
Kelvin Beachum,ACTIVE
Kelvin Benjamin,ACTIVE
Kelvin Gilliam Jr.,INJURY_RESERVE
Kelvin Harmon,ACTIVE
Kelvin Joseph,ACTIVE
Kelvin McKnight,ACTIVE
Kelvin Sheppard,ACTIVE
Kemal Ishmael,ACTIVE
Kemoko Turay,ACTIVE
Kemon Hall,QUESTIONABLE
Ken Crawley,ACTIVE
Ken Webster,ACTIVE
Kendal Daniels,ACTIVE
Kendal Vickers,ACTIVE
Kendall Blanton,ACTIVE
Kendall Bohler,ACTIVE
Kendall Coleman,ACTIVE
Kendall Donnerson,ACTIVE
Kendall Fuller,ACTIVE
Kendall Futrell,ACTIVE
Kendall Hinton,ACTIVE
Kendall Lamm,ACTIVE
Kendall Milton,ACTIVE
Kendall Sheffield,QUESTIONABLE
Kendall Smith,ACTIVE
Kendall Williamson,ACTIVE
Kendell Beckwith,ACTIVE
Kendell Brooks,INJURY_RESERVE
Kendre Miller,ACTIVE
Kendric Pryor,ACTIVE
Kendrick Blackshire,ACTIVE
Kendrick Bourne,ACTIVE
Kendrick Law,INJURY_RESERVE
Kendrick Norton,ACTIVE
Kene Nwangwu,ACTIVE
Keni-H Lovely,ACTIVE
Kenji Bahar,ACTIVE
Kenjon Barner,ACTIVE
Kennedy Brooks,ACTIVE
Kenneth Almendares,ACTIVE
Kenneth Dixon,ACTIVE
Kenneth Durden,ACTIVE
Kenneth George Jr.,ACTIVE
Kenneth Grant,INJURY_RESERVE
Kenneth Harris,ACTIVE
Kenneth Murray Jr.,QUESTIONABLE
Kenneth Odumegwu,ACTIVE
Kenneth Walker III,ACTIVE
Kenny Clark,ACTIVE
Kenny Dyson Jr.,ACTIVE
Kenny Fletcher,ACTIVE
Kenny Fletcher Jr.,ACTIVE
Kenny Gainwell,ACTIVE
Kenny Golladay,ACTIVE
Kenny Logan Jr.,ACTIVE
Kenny McIntosh,ACTIVE
Kenny Moore II,ACTIVE
Kenny Pickett,ACTIVE
Kenny Randall,ACTIVE
Kenny Robinson,ACTIVE
Kenny Stills,ACTIVE
Kenny Vaccaro,ACTIVE
Kenny Wiggins,ACTIVE
Kenny Willekes,ACTIVE
Kenny Yeboah,QUESTIONABLE
Kenny Young,ACTIVE
Kentavius Street,ACTIVE
Kentrel Bullock,ACTIVE
Kentrell Brothers,ACTIVE
Kenyan Drake,ACTIVE
Kenyon Sadiq,ACTIVE
Keon Coleman,ACTIVE
Keon Hatcher,ACTIVE
Keondre Coburn,ACTIVE
Keondre Jackson,ACTIVE
Keonta Jenkins,ACTIVE
Keonte Schad,ACTIVE
Kerby Joseph,OUT
Keric Wheatfall,ACTIVE
Kermit Whitfield,ACTIVE
Kerrith Whyte,ACTIVE
Kerry Hyder Jr.,ACTIVE
Kerry Wynn,ACTIVE
Kerryon Johnson,ACTIVE
Keshawn Banks,ACTIVE
Keshunn Abram,ACTIVE
Ketron Jackson Jr.,ACTIVE
Keveion'ta Spears,ACTIVE
Kevin Atkins,ACTIVE
Kevin Austin Jr.,ACTIVE
Kevin Byard,ACTIVE
Kevin Coleman Jr.,ACTIVE
Kevin Davidson,ACTIVE
Kevin Foelsch,ACTIVE
Kevin Givens,ACTIVE
Kevin Harris,ACTIVE
Kevin Hogan,ACTIVE
Kevin Huber,ACTIVE
Kevin Jobity Jr.,ACTIVE
Kevin Kassis,ACTIVE
Kevin King,QUESTIONABLE
Kevin Knowles,ACTIVE
Kevin Marks Jr.,ACTIVE
Kevin McGill,ACTIVE
Kevin Minter,ACTIVE
Kevin Peterson,ACTIVE
Kevin Pierre-Louis,ACTIVE
Kevin Rader,ACTIVE
Kevin Shaa,ACTIVE
Kevin Strong,ACTIVE
Kevin Toliver II,ACTIVE
Kevin White,ACTIVE
Kevin Wilkins,ACTIVE
Kevin Winston Jr.,ACTIVE
Kevin Zeitler,ACTIVE
Kevon Seymour,ACTIVE
Kevorian Barnes,ACTIVE
Key'Shawn Smith,ACTIVE
Keydrain Calligan,ACTIVE
Keyon Martin,ACTIVE
Keyron Crawford,INJURY_RESERVE
Keyshaun Elliott,OUT
Keyshawn James-Newby,ACTIVE
Keytaon Thompson,ACTIVE
KhaDarel Hodge,QUESTIONABLE
Khalan Laborn,ACTIVE
Khalan Tolson,ACTIVE
Khaleke Hudson,ACTIVE
Khalen Saunders,ACTIVE
Khalid Abdullah,ACTIVE
Khalid Duke,ACTIVE
Khalid Kareem,ACTIVE
Khalil Davis,ACTIVE
Khalil Dinkins,ACTIVE
Khalil Dorsey,ACTIVE
Khalil Herbert,ACTIVE
Khalil Jacobs,INJURY_RESERVE
Khalil Mack,ACTIVE
Khalil McClain,ACTIVE
Khalil Murdock,ACTIVE
Khalil Shakir,ACTIVE
Khalil Tate,ACTIVE
Khari Blasingame,ACTIVE
Khari Lee,ACTIVE
Khordae Sydnor,ACTIVE
Khristian Boyd,ACTIVE
Khyiris Tonga,ACTIVE
Kiko Mauigoa,OUT
Kimani Vidal,ACTIVE
Kindle Vildor,ACTIVE
Kingsley Enagbare,QUESTIONABLE
Kingsley Jonathan,INJURY_RESERVE
Kingsley Keke,ACTIVE
Kiondre Thomas,ACTIVE
Kirk Cousins,ACTIVE
Kirk Merritt,ACTIVE
Kisean Johnson,ACTIVE
Kitan Crawford,INJURY_RESERVE
Kitan Oladapo,ACTIVE
KJ Costello,ACTIVE
KJ Hamler,ACTIVE
KJ Henry,ACTIVE
KJ Hill Jr.,ACTIVE
KJ Sails,ACTIVE
Ko Kieft,ACTIVE
Kobe Hudson,ACTIVE
Kobe Jones,ACTIVE
Kobe King,ACTIVE
Kobe Prentice,ACTIVE
Kobe Smith,ACTIVE
Kobee Minor,ACTIVE
Kobie Turner,ACTIVE
Kody Case,ACTIVE
Kody Huisman,ACTIVE
Kofi Amichia,ACTIVE
Kolbe Katsis,ACTIVE
Kole Taylor,ACTIVE
Kole Wilson,ACTIVE
Kolton Miller,ACTIVE
Konata Mumpfield,ACTIVE
Kony Ealy,ACTIVE
Kool-Aid McKinstry,ACTIVE
Korey Cunningham,ACTIVE
Korey Toomer,ACTIVE
Korie Black,INJURY_RESERVE
Kris Abrams-Draine,ACTIVE
Kris Boyd,QUESTIONABLE
Kris Jenkins Jr.,ACTIVE
Kris Leach,ACTIVE
Krishawn Hogan,ACTIVE
Kristian Fulton,ACTIVE
Kristian Welch,ACTIVE
Kristian Wilkerson,ACTIVE
Kristian Williams,ACTIVE
Krys Barnes,ACTIVE
Kuony Deng,ACTIVE
Kurt Benkert,ACTIVE
Kurt Hinish,QUESTIONABLE
Kurtis Rourke,ACTIVE
Kwamie Lassiter II,ACTIVE
Kwity Paye,ACTIVE
Kwon Alexander,ACTIVE
Kyahva Tezino,ACTIVE
Kye Robichaux,QUESTIONABLE
Kylan Guidry,ACTIVE
Kylan Johnson,ACTIVE
Kyle Allen,ACTIVE
Kyle Dixon,ACTIVE
Kyle Dugger,QUESTIONABLE
Kyle Emanuel,ACTIVE
Kyle Fuller,ACTIVE
Kyle Hamilton,ACTIVE
Kyle Juszczyk,OUT
Kyle Kalis,ACTIVE
Kyle Kennard,QUESTIONABLE
Kyle Lauletta,ACTIVE
Kyle Long,ACTIVE
Kyle Louis,INJURY_RESERVE
Kyle Love,ACTIVE
Kyle Markway,ACTIVE
Kyle McCord,ACTIVE
Kyle Monangai,OUT
Kyle Murphy,ACTIVE
Kyle Nelson,ACTIVE
Kyle Peko,ACTIVE
Kyle Philips,ACTIVE
Kyle Phillips,ACTIVE
Kyle Pitts Sr.,ACTIVE
Kyle Rudolph,ACTIVE
Kyle Sheets,ACTIVE
Kyle Shurmur,ACTIVE
Kyle Sloter,ACTIVE
Kyle Soelle,ACTIVE
Kyle Trask,ACTIVE
Kyle Van Noy,ACTIVE
Kyle Wilber,ACTIVE
Kyle Williams,ACTIVE
Kylen Granson,ACTIVE
Kyler Baugh,ACTIVE
Kyler Fackrell,ACTIVE
Kyler Gordon,OUT
Kyler McMichael,ACTIVE
Kyler Murray,ACTIVE
Kylie Fitts,ACTIVE
Kylin Hill,ACTIVE
Kyon Barrs,ACTIVE
Kyonte Hamilton,QUESTIONABLE
Kyre Duplessis,ACTIVE
Kyren Williams,ACTIVE
Kyrese Rowan,ACTIVE
Kyric McGowan,ACTIVE
Kyron Brown,ACTIVE
Kyron Drones,ACTIVE
Kyron Hudson,QUESTIONABLE
Kyron Johnson,ACTIVE
Kyu Blu Kelly,ACTIVE
Kyzir White,ACTIVE
L.J. Collier,ACTIVE
L.J. Davis,ACTIVE
L.J. Fort,ACTIVE
L.P. Ladouceur,ACTIVE
L.T. Walton,ACTIVE
L'Jarius Sneed,ACTIVE
La'Darius Hamilton,ACTIVE
La'el Collins,ACTIVE
La'Mical Perine,ACTIVE
La'Michael Pettway,ACTIVE
LaAdrian Waddle,ACTIVE
LaBryan Ray,ACTIVE
LaCale London,ACTIVE
Lachlan Edwards,ACTIVE
Lachlan Pitts,ACTIVE
Ladarius Tennison,ACTIVE
LaDarius Wiley,ACTIVE
Ladd McConkey,QUESTIONABLE
Lafayette Pitts,ACTIVE
Laiatu Latu,ACTIVE
Laith Marjan,ACTIVE
LaJohntay Wester,ACTIVE
Lake McRee,ACTIVE
Laken Tomlinson,ACTIVE
Laki Tasi,ACTIVE
Lakiem Williams,ACTIVE
Lamar Jackson,ACTIVE
Lamar Miller,ACTIVE
Lamarcus Joyner,ACTIVE
LaMareon James,ACTIVE
Lamont Wade,ACTIVE
Lan Larison,ACTIVE
Lance Boykin,ACTIVE
Lance Dixon,ACTIVE
Lance Dunbar,ACTIVE
Lance Kendricks,ACTIVE
Lance Lenoir,ACTIVE
Lance Mason,ACTIVE
Lance McCutcheon,ACTIVE
Lance Robinson,ACTIVE
Landen Akers,ACTIVE
Lander Barton,ACTIVE
Landis Durham,ACTIVE
Landon Collins,ACTIVE
Landon Honeycutt,ACTIVE
Landon Jackson,QUESTIONABLE
Landon Lenoir,ACTIVE
Landon Parker,ACTIVE
Landon Robinson,ACTIVE
Landry Jones,ACTIVE
Lane Johnson,QUESTIONABLE
Lane Taylor,ACTIVE
Langston Patterson,ACTIVE
Lano Hill,ACTIVE
Laquon Treadwell,ACTIVE
Lardarius Webb,ACTIVE
Lardarius Webb Jr.,ACTIVE
Laremy Tunsil,INJURY_RESERVE
LaRoy Reynolds,ACTIVE
Larrell Murchison,ACTIVE
Larry Brooks,ACTIVE
Larry Fitzgerald,ACTIVE
Larry Ogunjobi,ACTIVE
Larry Rountree III,ACTIVE
Larry Warford,ACTIVE
Larry Worth III,ACTIVE
Lashard Durr,ACTIVE
Latavious Brini,ACTIVE
Latavius Murray,ACTIVE
Lathan Ransom,ACTIVE
Latreal Jones,ACTIVE
LaTrell Bumphus,ACTIVE
Latrell McCutchin Sr.,ACTIVE
Laurent Duvernay-Tardif,ACTIVE
Lavert Hill,ACTIVE
Laviska Shenault Jr.,ACTIVE
Lavonte David,ACTIVE
Lawrance Toafili,ACTIVE
Lawrence Cager,ACTIVE
Lawrence Guy,ACTIVE
Lawrence Johnson,ACTIVE
Lawrence Keys III,ACTIVE
Lawrence White IV,ACTIVE
Lawrence Woods,ACTIVE
Layne Pryor,ACTIVE
Le'Meke Brockington,QUESTIONABLE
Le'Raven Clark,ACTIVE
Le'Veon Bell,ACTIVE
Le'Veon Moss,ACTIVE
Ledarius Mack,ACTIVE
Leddie Brown,ACTIVE
Lee Autry,ACTIVE
Lee Hunter,ACTIVE
Lee Smith,ACTIVE
Leighton McCarthy,ACTIVE
Leki Fotu,ACTIVE
Lenard Tillery,ACTIVE
Lenny Krieg,ACTIVE
Leo Chenal,INJURY_RESERVE
Leo Koloamatangi,ACTIVE
Leo Lewis,ACTIVE
Leon Jacobs,ACTIVE
Leon Johnson III,ACTIVE
Leon Jones,ACTIVE
Leon O'Neal Jr.,ACTIVE
Leonard Floyd,ACTIVE
Leonard Fournette,ACTIVE
Leonard Johnson,ACTIVE
Leonard Payne,ACTIVE
Leonard Taylor,ACTIVE
Leonard Taylor III,ACTIVE
Leonard Williams,QUESTIONABLE
LeQuint Allen Jr.,ACTIVE
Lerentee McCray,ACTIVE
Leroy Watson IV,ACTIVE
LeSean McCoy,ACTIVE
LeShaun Sims,ACTIVE
LeVante Bellamy,ACTIVE
Levelle Bailey,INJURY_RESERVE
Levi Bell,ACTIVE
Levi Drake Rodriguez,ACTIVE
Levi Onwuzurike,ACTIVE
Levi Wallace,ACTIVE
Levi Wentz,ACTIVE
Levine Toilolo,ACTIVE
Lew Nichols,ACTIVE
Lewis Bond,ACTIVE
Lewis Cine,ACTIVE
Liam Anderson,ACTIVE
Liam Clifford,ACTIVE
Lil'Jordan Humphrey,ACTIVE
Lincoln Pare,QUESTIONABLE
Lincoln Sefcik,ACTIVE
Lincoln Victor,ACTIVE
Linden Stephens,ACTIVE
Linval Joseph,ACTIVE
Lirim Hajrullahu,ACTIVE
LJ Davis,ACTIVE
Logan Cooke,ACTIVE
Logan Fano,ACTIVE
Logan Hall,ACTIVE
Logan Lee,INJURY_RESERVE
Logan Thomas,ACTIVE
Logan Wilson,ACTIVE
Logan Woodside,ACTIVE
Lonnie Johnson Jr.,QUESTIONABLE
Lonnie Phelps,ACTIVE
Loren Strickland,QUESTIONABLE
Lorenzo Burns,ACTIVE
Lorenzo Carter,ACTIVE
Lorenzo Lingard,ACTIVE
Lorenzo Neal Jr.,ACTIVE
Lorenzo Styles,ACTIVE
Lorenzo Styles Jr.,INJURY_RESERVE
Lou Hedley,ACTIVE
Louis Hansen,ACTIVE
Louis Moore,ACTIVE
Louis Rees-Zammit,ACTIVE
LT Overton,ACTIVE
Lucas Havrisik,ACTIVE
Lucas Krull,ACTIVE
Lucas Patrick,ACTIVE
Lucas Scott,ACTIVE
Lucky Jackson,ACTIVE
Luiji Vilain,ACTIVE
Luis Perez,ACTIVE
Lujuan Winningham,ACTIVE
Lukas Denis,ACTIVE
Lukas Van Ness,QUESTIONABLE
Luke Altmyer,ACTIVE
Luke Benson,ACTIVE
Luke Deal,QUESTIONABLE
Luke Elzinga,ACTIVE
Luke Farrell,ACTIVE
Luke Floriea,ACTIVE
Luke Gifford,ACTIVE
Luke Grimm,QUESTIONABLE
Luke Lachey,ACTIVE
Luke Masterson,ACTIVE
Luke McCaffrey,ACTIVE
Luke Musgrave,OUT
Luke Rhodes,ACTIVE
Luke Schoonmaker,ACTIVE
Luke Sellers,ACTIVE
Luke Stocker,ACTIVE
Luke Wysong,QUESTIONABLE
Luq Barcoo,ACTIVE
Luquay Washington,ACTIVE
Luther Burden III,ACTIVE
Luther Kirk IV,ACTIVE
Lwal Uguak,ACTIVE
Lyndon Johnson,ACTIVE
Lynn Bowden Jr.,ACTIVE
M.J. Stewart,OUT
Maalik Hall,ACTIVE
Maason Smith,ACTIVE
Mac Dalena,ACTIVE
Mac Hippenhammer,ACTIVE
Mac Jones,ACTIVE
Mac McCain III,ACTIVE
Mac McWilliams,ACTIVE
Mack Hollins,OUT
Mack Wilson Sr.,ACTIVE
Mackensie Alexander,ACTIVE
Macon Clark,ACTIVE
Maddux Trujillo,ACTIVE
Madre Harper,ACTIVE
Maema Njongmeta,ACTIVE
Major Burns,ACTIVE
Major Williams,ACTIVE
Makai Lemon,ACTIVE
Makai Polk,ACTIVE
Makari Paige,ACTIVE
Makinton Dorleant,ACTIVE
Malachi Carter,ACTIVE
Malachi Corley,ACTIVE
Malachi Fields,ACTIVE
Malachi Lawrence,ACTIVE
Malachi Moore,ACTIVE
Malakai Williams,ACTIVE
Malaki Starks,ACTIVE
Malcolm Brown,ACTIVE
Malcolm Butler,ACTIVE
Malcolm Dewalt,ACTIVE
Malcolm DeWalt IV,ACTIVE
Malcolm Elmore,ACTIVE
Malcolm Jenkins,ACTIVE
Malcolm Johnson,ACTIVE
Malcolm Koonce,ACTIVE
Malcolm Roach,ACTIVE
Malcolm Rodriguez,ACTIVE
Malcolm Smith,ACTIVE
Malcom Brown,ACTIVE
Malick Meiga,ACTIVE
Maliek Collins,ACTIVE
Malik Benson,ACTIVE
Malik Carney,ACTIVE
Malik Cunningham,ACTIVE
Malik Davis,INJURY_RESERVE
Malik Dixon-Williams,ACTIVE
Malik Fisher,ACTIVE
Malik Flowers,ACTIVE
Malik Gant,ACTIVE
Malik Hamm,ACTIVE
Malik Harrison,ACTIVE
Malik Heath,ACTIVE
Malik Henry,ACTIVE
Malik Herring,ACTIVE
Malik Hooker,ACTIVE
Malik Jackson,ACTIVE
Malik Jefferson,ACTIVE
Malik Knowles,ACTIVE
Malik McClain,ACTIVE
Malik McDowell,ACTIVE
Malik Muhammad II,ACTIVE
Malik Mustapha,ACTIVE
Malik Nabers,QUESTIONABLE
Malik Reed,ACTIVE
Malik Rutherford,ACTIVE
Malik Spencer,ACTIVE
Malik Taylor,ACTIVE
Malik Turner,ACTIVE
Malik Verdon,QUESTIONABLE
Malik Washington,ACTIVE
Malik Williams,ACTIVE
Malik Willis,ACTIVE
Manasseh Bailey,ACTIVE
Mani Powell,ACTIVE
Manny Patterson,ACTIVE
Manny Wilkins,ACTIVE
Mansoor Delane,ACTIVE
Mante Morrow,ACTIVE
Manti Te'o,ACTIVE
Mapalo Mwansa,ACTIVE
Marc-Antoine Dequoy,ACTIVE
Marcedes Lewis,ACTIVE
Marcel Dabo,ACTIVE
Marcel Spears Jr.,ACTIVE
Marcelino McCrary-Ball,INJURY_RESERVE
Marcell Ateman,ACTIVE
Marcell Dareus,ACTIVE
Marcell Frazier,ACTIVE
Marcell Harris,ACTIVE
Marcellas Dial Jr.,ACTIVE
Marco Wilson,ACTIVE
Marcus Allen,ACTIVE
Marcus Banks,QUESTIONABLE
Marcus Baugh,ACTIVE
Marcus Cannon,ACTIVE
Marcus Davenport,ACTIVE
Marcus Epps,QUESTIONABLE
Marcus Gilchrist,ACTIVE
Marcus Green,ACTIVE
Marcus Harris,ACTIVE
Marcus Harrison,ACTIVE
Marcus Haynes,ACTIVE
Marcus Johnson,ACTIVE
Marcus Jones,ACTIVE
Marcus Kemp,ACTIVE
Marcus Major Jr.,ACTIVE
Marcus Mariota,DOUBTFUL
Marcus Marshall,ACTIVE
Marcus Martin,ACTIVE
Marcus Maye,ACTIVE
Marcus Murphy,ACTIVE
Marcus Peters,ACTIVE
Marcus Riley,ACTIVE
Marcus Rosemy-Jacksaint,ACTIVE
Marcus Sanders Jr.,ACTIVE
Marcus Santos-Silva,ACTIVE
Marcus Sayles,ACTIVE
Marcus Sherels,ACTIVE
Marcus Simms,ACTIVE
Marcus Webb,ACTIVE
Marcus Williams,ACTIVE
Marcus Willoughby,ACTIVE
Marcus Yarns,ACTIVE
Margus Hunt,ACTIVE
Mariano Sori-Marin,ACTIVE
Mario Addison,ACTIVE
Mario Edwards Jr.,INJURY_RESERVE
Mario Goodrich III,ACTIVE
Mario Kendricks,ACTIVE
Mario Williams,QUESTIONABLE
Marist Liufau,INJURY_RESERVE
Mark Andrews,ACTIVE
Mark Barron,ACTIVE
Mark Fields II,ACTIVE
Mark Gilbert,ACTIVE
Mark Glowinski,ACTIVE
Mark Gronowski,ACTIVE
Mark Ingram II,ACTIVE
Mark McNamee,ACTIVE
Mark Milton,ACTIVE
Mark Nzeocha,ACTIVE
Mark Perry,ACTIVE
Mark Redman,ACTIVE
Mark Robinson,ACTIVE
Mark Thompson,ACTIVE
Mark Vital,ACTIVE
Mark Webb Jr.,ACTIVE
Markees Watts,ACTIVE
Marken Michel,ACTIVE
Markese Stepp,ACTIVE
Markquese Bell,ACTIVE
Markus Bailey,ACTIVE
Marlen Sewell,ACTIVE
Marlin Klein,ACTIVE
Marlon Character,ACTIVE
Marlon Davidson,ACTIVE
Marlon Humphrey,QUESTIONABLE
Marlon Jones,INJURY_RESERVE
Marlon Mack,ACTIVE
Marlon Tuipulotu,ACTIVE
Marlowe Wax,ACTIVE
Marquan McCall,ACTIVE
MarQueis Gray,ACTIVE
Marques Sigle,OUT
Marqueston Huff,ACTIVE
Marquette King,ACTIVE
Marquez Callaway,ACTIVE
Marquez Stevenson,ACTIVE
Marquez Valdes-Scantling,ACTIVE
Marquez Williams,ACTIVE
Marqui Christian,ACTIVE
Marquis Haynes Sr.,ACTIVE
Marquis Waters,ACTIVE
Marquise Blair,ACTIVE
Marquise Copeland,ACTIVE
Marquise Goodwin,ACTIVE
Marquise Robinson,ACTIVE
Marquiss Spencer,ACTIVE
Marshall Lang,ACTIVE
Marshall Newhouse,ACTIVE
MarShawn Lloyd,ACTIVE
Marshawn Lynch,ACTIVE
Marshon Lattimore,QUESTIONABLE
Martavis Bryant,ACTIVE
Marte Mapu,ACTIVE
Martez Manuel,ACTIVE
Martin Emerson Jr.,ACTIVE
Martinas Rankin,ACTIVE
Martrell Spaight,ACTIVE
Marvell Tell III,ACTIVE
Marvelle Ross,ACTIVE
Marvin Hall,ACTIVE
Marvin Harrison Jr.,ACTIVE
Marvin Jones,ACTIVE
Marvin Jones Jr.,ACTIVE
Marvin Mims Jr.,ACTIVE
Marvin Moody,ACTIVE
Marvin Pierre,ACTIVE
Marvin Wilson,ACTIVE
Mason Cole,ACTIVE
Mason Crosby,ACTIVE
Mason Fairchild,ACTIVE
Mason Graham,OUT
Mason Kinsey,ACTIVE
Mason Pline,ACTIVE
Mason Reiger,ACTIVE
Mason Rudolph,ACTIVE
Mason Schreck,ACTIVE
Mason Shipley,ACTIVE
Mason Stokke,ACTIVE
Mason Taylor,ACTIVE
Mason Tipton,OUT
Master Teague,ACTIVE
Mataeo Durant,ACTIVE
Mathieu Betts,ACTIVE
Matt Ammendola,ACTIVE
Matt Araiza,ACTIVE
Matt Barkley,ACTIVE
Matt Bosher,ACTIVE
Matt Colburn,ACTIVE
Matt Cole,ACTIVE
Matt Corral,ACTIVE
Matt Dickerson,ACTIVE
Matt Feiler,ACTIVE
Matt Flanagan,ACTIVE
Matt Gay,ACTIVE
Matt Gono,ACTIVE
Matt Gotel,ACTIVE
Matt Haack,ACTIVE
Matt Hankins,ACTIVE
Matt Harmon,ACTIVE
Matt Henningsen,INJURY_RESERVE
Matt Ioannidis,ACTIVE
Matt Jones,ACTIVE
Matt LaCosse,ACTIVE
Matt Landers,ACTIVE
Matt Lauter,ACTIVE
Matt Leo,ACTIVE
Matt McCrane,ACTIVE
Matt Milano,ACTIVE
Matt Moore,ACTIVE
Matt Nelson,QUESTIONABLE
Matt Overton,ACTIVE
Matt Paradis,ACTIVE
Matt Prater,ACTIVE
Matt Pryor,ACTIVE
Matt Seybert,ACTIVE
Matt Simms,ACTIVE
Matt Skura,ACTIVE
Matt Sokol,ACTIVE
Matt Wile,ACTIVE
Matthew Adams,ACTIVE
Matthew Butler,ACTIVE
Matthew Caldwell,INJURY_RESERVE
Matthew Golden,ACTIVE
Matthew Hayball,ACTIVE
Matthew Henry,ACTIVE
Matthew Hibner,ACTIVE
Matthew Jackson,ACTIVE
Matthew Jester,ACTIVE
Matthew Judon,ACTIVE
Matthew McDoom,ACTIVE
Matthew Stafford,ACTIVE
Matthew Trickett,ACTIVE
Matthew Wright,ACTIVE
Matthias Farley,ACTIVE
Maurice Alexander,ACTIVE
Maurice Canady,ACTIVE
Maurice Ffrench,ACTIVE
Maurice Hurst II,ACTIVE
Maurice Smith,ACTIVE
Max Borghi,ACTIVE
Max Bredeson,ACTIVE
Max Brosmer,ACTIVE
Max Duffy,ACTIVE
Max Duggan,ACTIVE
Max Garcia,ACTIVE
Max Hurleman,OUT
Max Klare,ACTIVE
Max Llewellyn,ACTIVE
Max Melton,ACTIVE
Max Richardson,ACTIVE
Max Tomczak,ACTIVE
Max Tooley,ACTIVE
Maxen Hook,ACTIVE
Maximilian Mang,ACTIVE
Maximilian Roberts,ACTIVE
Maximus Pulley,ACTIVE
Maxwell Hairston,ACTIVE
Maxx Crosby,ACTIVE
Maxx Williams,ACTIVE
Mazi Smith,ACTIVE
Mazzi Wilkins,ACTIVE
McCallan Castles,QUESTIONABLE
McKinnley Jackson,ACTIVE
McTelvin Agim,ACTIVE
Mecole Hardman Jr.,ACTIVE
Mekhi Blackmon,QUESTIONABLE
Mekhi Garner,ACTIVE
Mekhi Rodgers,ACTIVE
Mekhi Sargent,ACTIVE
Mekhi Wingo,ACTIVE
Mello Dotson,ACTIVE
Melvin Gordon III,ACTIVE
Melvin Ingram,ACTIVE
Melvin Smith Jr.,ACTIVE
Messiah Swinson,ACTIVE
Micah Abernathy,ACTIVE
Micah Abraham,ACTIVE
Micah Baskerville,ACTIVE
Micah Bernard,ACTIVE
Micah Dew-Treadway,ACTIVE
Micah Kiser,ACTIVE
Micah McFadden,ACTIVE
Micah Parsons,OUT
Micah Robinson,ACTIVE
Micah Simon,ACTIVE
Michael Ayers,ACTIVE
Michael Badgley,ACTIVE
Michael Bandy,ACTIVE
Michael Barnett,ACTIVE
Michael Barrett,ACTIVE
Michael Bennett IV,ACTIVE
Michael Briscoe,ACTIVE
Michael Burton,ACTIVE
Michael Carter,ACTIVE
Michael Carter II,ACTIVE
Michael Coats Jr.,ACTIVE
Michael Dansby,ACTIVE
Michael Davis,ACTIVE
Michael Dereus,ACTIVE
Michael Dickson,ACTIVE
Michael Divinity Jr.,ACTIVE
Michael Dogbe,ACTIVE
Michael Dowell,ACTIVE
Michael Dwumfour,ACTIVE
Michael Ezeike,ACTIVE
Michael Fletcher,ACTIVE
Michael Gallup,ACTIVE
Michael Griffin,ACTIVE
Michael Heldman,ACTIVE
Michael Hoecht,ACTIVE
Michael Jacobson,ACTIVE
Michael Jacquet,ACTIVE
Michael Joseph,ACTIVE
Michael Liedtke,ACTIVE
Michael Mayer,ACTIVE
Michael Ojemudia,ACTIVE
Michael Palardy,ACTIVE
Michael Penix Jr.,ACTIVE
Michael Pinckney,ACTIVE
Michael Pittman Jr.,OUT
Michael Pratt,ACTIVE
Michael Roberts,ACTIVE
Michael Schofield III,ACTIVE
Michael Strachan,ACTIVE
Michael Taaffe,ACTIVE
Michael Thomas,ACTIVE
Michael Trigg,ACTIVE
Michael Turk,ACTIVE
Michael Tutsie,ACTIVE
Michael Warren II,ACTIVE
Michael Wiley,ACTIVE
Michael Wilson,ACTIVE
Michael Woods II,QUESTIONABLE
Michael Wortham,ACTIVE
Michael Young Jr.,ACTIVE
Micheal Clemons,INJURY_RESERVE
Micheal Mason,ACTIVE
Mika Tafua,ACTIVE
Mikail Kamara,INJURY_RESERVE
Mike Bell,ACTIVE
Mike Boone,ACTIVE
Mike Brown,ACTIVE
Mike Daniels,ACTIVE
Mike Danna,ACTIVE
Mike Davis,ACTIVE
Mike Edwards,ACTIVE
Mike Evans,QUESTIONABLE
Mike Ford Jr.,ACTIVE
Mike Gesicki,ACTIVE
Mike Glennon,ACTIVE
Mike Green,ACTIVE
Mike Greene,ACTIVE
Mike Hall Jr.,OUT
Mike Harley Jr.,ACTIVE
Mike Hilton,QUESTIONABLE
Mike Hughes,ACTIVE
Mike Jackson,INJURY_RESERVE
Mike Jones Jr.,ACTIVE
Mike Love,ACTIVE
Mike McGlinchey,ACTIVE
Mike Morris,ACTIVE
Mike Nugent,ACTIVE
Mike Onuoha,ACTIVE
Mike Panasiuk,ACTIVE
Mike Pennel,ACTIVE
Mike Person,ACTIVE
Mike Purcell,ACTIVE
Mike Reid,ACTIVE
Mike Remmers,ACTIVE
Mike Rigerman,ACTIVE
Mike Rose,ACTIVE
Mike Sainristil,ACTIVE
Mike Smith Jr.,ACTIVE
Mike Thomas,ACTIVE
Mike Washington Jr.,ACTIVE
Mike Weber,ACTIVE
Mike White,ACTIVE
Mikel Jones,ACTIVE
Mikey Daniel,ACTIVE
Mikey Victor,ACTIVE
Miles Battle,ACTIVE
Miles Boykin,ACTIVE
Miles Brown,ACTIVE
Miles Davis,ACTIVE
Miles Killebrew,ACTIVE
Miles Kitselman,ACTIVE
Miles Sanders,ACTIVE
Miles Scott,ACTIVE
Millard Bradford,ACTIVE
Miller Forristall,ACTIVE
Miller Moss,ACTIVE
Milo Eifler,INJURY_RESERVE
Milton Williams,ACTIVE
Milton Wright,ACTIVE
Minkah Fitzpatrick,ACTIVE
Mishael Powell,ACTIVE
Mitch Van Vooren,ACTIVE
Mitch Wishnowsky,ACTIVE
Mitchell Agude,ACTIVE
Mitchell Evans,ACTIVE
Mitchell Loewen,ACTIVE
Mitchell Melton,ACTIVE
Mitchell Schwartz,ACTIVE
Mitchell Tinsley,ACTIVE
Mitchell Trubisky,ACTIVE
Mitchell Wilcox,ACTIVE
MJ Anderson,ACTIVE
MJ Devonshire Jr.,ACTIVE
Mo Alie-Cox,ACTIVE
Mohamed Ibrahim,ACTIVE
Mohamed Kamara,INJURY_RESERVE
Mohamed Sanu,ACTIVE
Mohamoud Diabate,ACTIVE
Moliki Matavao,INJURY_RESERVE
Monaray Baldwin,ACTIVE
Monkell Goodwine,QUESTIONABLE
Montae Nicholson,ACTIVE
Montana Lemonious-Craig,QUESTIONABLE
Montaric Brown,QUESTIONABLE
Monte Pottebaum,ACTIVE
Montez Sweat,ACTIVE
Montorie Foster Jr.,ACTIVE
Montrae Braswell,ACTIVE
Montre Hartage,ACTIVE
Montrel Meander,ACTIVE
Montrell Johnson Jr.,ACTIVE
Montrell Washington,ACTIVE
Monty Rice,ACTIVE
Moochie Dixon,ACTIVE
Moose Muhammad III,ACTIVE
Morgan Burnett,ACTIVE
Morgan Cox,ACTIVE
Morgan Fox,ACTIVE
Morgan Moses,QUESTIONABLE
Morice Norris,QUESTIONABLE
Moro Ojomo,ACTIVE
Morrell Osling III,ACTIVE
Morris Claiborne,ACTIVE
Mory Bamba,ACTIVE
Murvin Kenion,ACTIVE
Murvin Kenion III,ACTIVE
Mychal Kendricks,ACTIVE
MyCole Pruitt,ACTIVE
Myjai Sanders,ACTIVE
Mykal Walker,QUESTIONABLE
Mykel Williams,OUT
Myles Adams,ACTIVE
Myles Brooks,ACTIVE
Myles Bryant,ACTIVE
Myles Cole,ACTIVE
Myles Dorn,ACTIVE
Myles Garrett,INJURY_RESERVE
Myles Gaskin,ACTIVE
Myles Harden,ACTIVE
Myles Hartsfield,ACTIVE
Myles Humphrey,ACTIVE
Myles Jack,ACTIVE
Myles Jones,ACTIVE
Myles Montgomery,INJURY_RESERVE
Myles Murphy,ACTIVE
Myles Price,ACTIVE
Myles Purchase,ACTIVE
Myron Mitchell,ACTIVE
Myron Tagovailoa-Amosa,ACTIVE
N'Keal Harry,ACTIVE
Nadame Tucker,ACTIVE
Nahshon Wright,ACTIVE
Najee Goode,ACTIVE
Najee Harris,ACTIVE
NaJee Thompson,ACTIVE
Nakia Griffin-Stewart,ACTIVE
Nakobe Dean,ACTIVE
Namdi Obiazor,ACTIVE
Napoleon Maxwell,ACTIVE
Naquan Jones,ACTIVE
Nash Hutmacher,ACTIVE
Nasir Adderley,ACTIVE
Nasir Greer,ACTIVE
Nate Adkins,ACTIVE
Nate Becker,ACTIVE
Nate Boerkircher,ACTIVE
Nate Brooks,ACTIVE
Nate Ebner,ACTIVE
Nate Evans,ACTIVE
Nate Gerry,ACTIVE
Nate Hairston,ACTIVE
Nate Harvey,ACTIVE
Nate Hobbs,INJURY_RESERVE
Nate Holley,ACTIVE
Nate Landman,QUESTIONABLE
Nate Latu,ACTIVE
Nate Lynn,ACTIVE
Nate Matlack,ACTIVE
Nate McCollum,ACTIVE
Nate McCrary,ACTIVE
Nate Meadows,ACTIVE
Nate Noel,ACTIVE
Nate Orchard,ACTIVE
Nate Solder,ACTIVE
Nate Stanley,ACTIVE
Nate Sudfeld,ACTIVE
Nate Valcarcel,ACTIVE
Nate Wieland,ACTIVE
Nate Wieting,ACTIVE
Nate Wiggins,ACTIVE
Nathan Carter,ACTIVE
Nathan Cottrell,ACTIVE
Nathan East,ACTIVE
Nathan Evans,ACTIVE
Nathan Meadors,ACTIVE
Nathan Peterman,ACTIVE
Nathan Pickering,ACTIVE
Nathan Rourke,ACTIVE
Nathan Shepherd,ACTIVE
Nathan Voorhis,ACTIVE
Nathaniel Peat,ACTIVE
Nathaniel Watson,OUT
Natrell Jamerson,ACTIVE
Natrez Patrick,ACTIVE
Natrone Brooks,ACTIVE
Nay'Quan Wright,ACTIVE
Naz Bohannon,ACTIVE
Nazair Jones,ACTIVE
Nazeeh Johnson,QUESTIONABLE
Nazir Stackhouse,ACTIVE
Ndamukong Suh,ACTIVE
Neal Johnson,ACTIVE
Nehemiah Pritchett,QUESTIONABLE
Nehemiah Shelton,ACTIVE
Neil Farrell,ACTIVE
Neil Pau'u,ACTIVE
Nelson Agholor,ACTIVE
Nelson Ceaser,ACTIVE
Nelson Mbanasor,ACTIVE
Nephi Sewell,INJURY_RESERVE
Nesta Jade Silvera,ACTIVE
Nevelle Clarke,ACTIVE
Neville Gallimore,ACTIVE
Neville Hewitt,ACTIVE
Nevin Lawson,ACTIVE
Nic Jones,ACTIVE
Nic Scourton,INJURY_RESERVE
Nicholas Morrow,ACTIVE
Nicholas Singleton,ACTIVE
Nick Andersen,ACTIVE
Nick Anderson,ACTIVE
Nick Barrett,ACTIVE
Nick Bawden,ACTIVE
Nick Bellore,ACTIVE
Nick Bolton,ACTIVE
Nick Bosa,DOUBTFUL
Nick Bowers,ACTIVE
Nick Boyle,ACTIVE
Nick Chubb,ACTIVE
Nick Coe,ACTIVE
Nick Cross,QUESTIONABLE
Nick DeGennaro,ACTIVE
Nick Dzubnar,ACTIVE
Nick Easley,ACTIVE
Nick Easton,ACTIVE
Nick Emmanwori,ACTIVE
Nick Eubanks,ACTIVE
Nick Foles,ACTIVE
Nick Folk,ACTIVE
Nick Gates,QUESTIONABLE
Nick Guggemos,ACTIVE
Nick Hampton,ACTIVE
Nick Herbig,ACTIVE
Nick Holley,ACTIVE
Nick Jackson,ACTIVE
Nick Kallerup,ACTIVE
Nick Kubitz,ACTIVE
Nick Kwiatkoski,ACTIVE
Nick Martin,ACTIVE
Nick McCloud,ACTIVE
Nick Mullens,ACTIVE
Nick Muse,ACTIVE
Nick Nash,ACTIVE
Nick Nelson,ACTIVE
Nick Niemann,ACTIVE
Nick O'Leary,ACTIVE
Nick Ralston,ACTIVE
Nick Sciba,ACTIVE
Nick Scott,ACTIVE
Nick Sundberg,ACTIVE
Nick Thurman,ACTIVE
Nick Tiano,ACTIVE
Nick Usher,ACTIVE
Nick Vannett,ACTIVE
Nick Vigil,ACTIVE
Nick Vogel,ACTIVE
Nick Westbrook-Ikhine,ACTIVE
Nick Whiteside,ACTIVE
Nick Williams,ACTIVE
Nickell Robey-Coleman,ACTIVE
Nico Bolden,ACTIVE
Nico Collins,ACTIVE
Nico Falah,ACTIVE
Nigel Bradham,ACTIVE
Nigel Harris,ACTIVE
Nigel Warrior,ACTIVE
Nijuel Hill,ACTIVE
Nik Bonitto,ACTIVE
Nik Constantinou,ACTIVE
Nik Needham,ACTIVE
Nikhai Hill-Green,ACTIVE
Nikko Reed,ACTIVE
Nikko Remigio,ACTIVE
Niko Lalos,ACTIVE
Nikola Kalinic,INJURY_RESERVE
Nikolas Constantinou,ACTIVE
Niles King,ACTIVE
Niles Scott,ACTIVE
Nnamdi Madubuike,ACTIVE
Noah Avinger,ACTIVE
Noah Brown,ACTIVE
Noah Cain,ACTIVE
Noah Dawkins,ACTIVE
Noah Elliss,ACTIVE
Noah Fant,ACTIVE
Noah Gindorff,ACTIVE
Noah Gray,ACTIVE
Noah Igbinoghene,ACTIVE
Noah Sewell,OUT
Noah Shannon,ACTIVE
Noah Short,ACTIVE
Noah Spence,ACTIVE
Noah Thomas,ACTIVE
Noah Togiai,ACTIVE
Noah Whittington,ACTIVE
Nohl Williams,ACTIVE
Nolan Cooney,ACTIVE
Nolan Givan,ACTIVE
Nolan Henderson,ACTIVE
Nolan Smith Jr.,ACTIVE
Nolan Turner,ACTIVE
Norell Pollard,ACTIVE
Nsimba Webster,ACTIVE
Nyheim Hines,ACTIVE
Nyjalik Kelly,ACTIVE
Nyles Morgan,ACTIVE
Nyzier Fourqurean,ACTIVE
O.J. Howard,ACTIVE
O'Donnell Fortune,ACTIVE
Obi Melifonwu,ACTIVE
Ochaun Mathis,ACTIVE
Octavian Smith,ACTIVE
Octavian Smith Jr.,ACTIVE
Odafe Oweh,ACTIVE
Oday Aboushi,ACTIVE
Odell Beckham Jr.,ACTIVE
Ogbo Okoronkwo,ACTIVE
OJ Hiliare,ACTIVE
Ola Adeniyi,ACTIVE
Olaijah Griffin,ACTIVE
Olakunle Fatukasi,ACTIVE
Olamide Zaccheaus,ACTIVE
Olive Sagapolu,ACTIVE
Oliver Martin,ACTIVE
Olivier Vernon,ACTIVE
Ollie Gordon II,ACTIVE
Olsen Pierre,ACTIVE
Oluwafemi Oladejo,ACTIVE
Oluwole Betiku Jr.,ACTIVE
Omar Bayless,ACTIVE
Omar Brown,QUESTIONABLE
Omar Cooper,ACTIVE
Omar Cooper Jr.,INJURY_RESERVE
Omar Speights,ACTIVE
Omari Cobb,ACTIVE
Omari Evans,ACTIVE
Omari Kelly,ACTIVE
Omari Thomas,ACTIVE
Omarion Hampton,ACTIVE
Omarius Bryant,ACTIVE
Omarr Norman-Lott,OUT
Ontaria Wilson,ACTIVE
Oren Burks,ACTIVE
Orion Stewart,ACTIVE
Orlando Brown Jr.,ACTIVE
Oronde Gadsden,ACTIVE
Osa Odighizuwa,ACTIVE
Oscar Cardenas,ACTIVE
Oscar Chapman,ACTIVE
Oscar Delp,ACTIVE
Oscar Draguicevich III,ACTIVE
Oshane Ximines,ACTIVE
Osirus Mitchell,ACTIVE
Otaro Alaka,ACTIVE
Otis Anderson,ACTIVE
Otis Reese IV,ACTIVE
Otito Ogbonnia,ACTIVE
Ovie Oghoufo,ACTIVE
Owen Carney,ACTIVE
Owen Pappoe,ACTIVE
Owen Porter,ACTIVE
Owen Wright,ACTIVE
P.J. Locke,INJURY_RESERVE
P.J. Williams,ACTIVE
Paddy Fisher,ACTIVE
Paris Ford,ACTIVE
Paris Shand,ACTIVE
Parker Ehinger,ACTIVE
Parker Hesse,ACTIVE
Parker Houston,ACTIVE
Parker Hughes,INJURY_RESERVE
Parker Petersen,ACTIVE
Parker Robertson,ACTIVE
Parker Romo,ACTIVE
Parker Washington,ACTIVE
Parker White,ACTIVE
Parnell Motley,ACTIVE
Parris Campbell,ACTIVE
Parry Nickerson,ACTIVE
Paschal Ekeji,ACTIVE
Pat Bryant,OUT
Pat Conroy,ACTIVE
Pat Elflein,ACTIVE
Pat Freiermuth,ACTIVE
Pat O'Connor,ACTIVE
Pat O'Donnell,ACTIVE
Pat Surtain II,DOUBTFUL
Patrick Carr,ACTIVE
Patrick DiMarco,ACTIVE
Patrick Gurd,ACTIVE
Patrick Herbert,ACTIVE
Patrick Jenkins,ACTIVE
Patrick Johnson,ACTIVE
Patrick Jones II,ACTIVE
Patrick Laird,ACTIVE
Patrick Mahomes,ACTIVE
Patrick McMorris,ACTIVE
Patrick Mekari,INJURY_RESERVE
Patrick Murtagh,ACTIVE
Patrick O'Connell,ACTIVE
Patrick Omameh,ACTIVE
Patrick Onwuasor,ACTIVE
Patrick Queen,ACTIVE
Patrick Ricard,ACTIVE
Patrick Scales,ACTIVE
Patrick Taylor Jr.,QUESTIONABLE
Paul Butler,ACTIVE
Paul Dawson,ACTIVE
Paul Manning,ACTIVE
Paul Moala,ACTIVE
Paul Perkins,ACTIVE
Paul Quessenberry,ACTIVE
Paul Richardson Jr.,ACTIVE
Paul Worrilow,ACTIVE
Paulson Adebo,INJURY_RESERVE
Paxton Lynch,ACTIVE
Payne Durham,ACTIVE
Payton Page,ACTIVE
Payton Thorne,ACTIVE
Payton Turner,INJURY_RESERVE
Payton Wilson,ACTIVE
Payton Zdroik,ACTIVE
Peewee Jarrett,ACTIVE
Penny Hart,ACTIVE
Percy Butler,QUESTIONABLE
Pernell McPhee,ACTIVE
Perrion Winfrey,ACTIVE
Pete Guerriero,ACTIVE
Pete Werner,ACTIVE
Peter Kalambayi,ACTIVE
Peter LeBlanc,ACTIVE
Peter Manuma,ACTIVE
Peter Woods,ACTIVE
Peyton Barber,ACTIVE
Peyton Hendershot,ACTIVE
Phalen Sanford,ACTIVE
Pharaoh Brown,ACTIVE
Pheldarius Payne,ACTIVE
Phidarian Mathis,ACTIVE
Phil Hoskins,ACTIVE
Phil Lutz,ACTIVE
Phil Mafah,ACTIVE
Philip Blidi,ACTIVE
Philip Rivers,ACTIVE
Phillip Brooks,ACTIVE
Phillip Dorsett II,ACTIVE
Phillip Gaines,ACTIVE
Phillip Lindsay,ACTIVE
Picasso Nelson,ACTIVE
Pierre Desir,ACTIVE
Pierre Strong Jr.,ACTIVE
Pita Taumoepenu,ACTIVE
PJ Johnson,ACTIVE
PJ Jules,ACTIVE
PJ Mustipher,ACTIVE
PJ Walker,ACTIVE
Pooka Williams Jr.,ACTIVE
Poona Ford,ACTIVE
Popo Aumavae,ACTIVE
Porter Gustin,ACTIVE
Power Echols,QUESTIONABLE
Praise Martin-Oguike,ACTIVE
Praise Olatoke,ACTIVE
Pressley Harvin III,ACTIVE
Preston Brown,ACTIVE
Preston Hodge,ACTIVE
Preston Smith,ACTIVE
Preston Williams,ACTIVE
Prince Amukamara,ACTIVE
Prince Emili,ACTIVE
Princely Umanmielen,ACTIVE
Princeton Fant,INJURY_RESERVE
Pro Wells,ACTIVE
Puka Nacua,ACTIVE
Qadir Ismail,ACTIVE
Qadree Ollison,ACTIVE
Quali Conley,ACTIVE
Quan Martin,ACTIVE
Quandre Diggs,ACTIVE
Quandre Mosely,ACTIVE
Quartney Davis,ACTIVE
Quavian White,ACTIVE
Quay Walker,ACTIVE
Que Robinson,ACTIVE
Quentin Johnston,QUESTIONABLE
Quentin Lake,QUESTIONABLE
Quentin Moore,INJURY_RESERVE
Quentin Poling,ACTIVE
Quentin Skinner,ACTIVE
Quenton Meeks,ACTIVE
Quenton Nelson,ACTIVE
Quez Watkins,ACTIVE
Quin Blanding,ACTIVE
Quincy Adeboyejo,ACTIVE
Quincy Enunwa,ACTIVE
Quincy Riley,ACTIVE
Quincy Roche,ACTIVE
Quincy Skinner Jr.,ACTIVE
Quincy Williams,ACTIVE
Quincy Wilson,ACTIVE
Quindarius Dunnigan,ACTIVE
Quindell Johnson,ACTIVE
Quinn Ewers,ACTIVE
Quinn Nordin,ACTIVE
Quinnen Williams,ACTIVE
Quinshon Judkins,ACTIVE
Quintayvious Hutchins,INJURY_RESERVE
Quintez Cephus,ACTIVE
Quintin Morris,ACTIVE
Quinton Bell,ACTIVE
Quinton Bohanna,ACTIVE
Quinton Dunbar,ACTIVE
Quinton Jefferson,ACTIVE
Quinton Newsome,ACTIVE
Quinton Spain,ACTIVE
Quinyon Mitchell,ACTIVE
Qwan'tez Stiggers,ACTIVE
Qwuantrezz Knight,ACTIVE
Qwynnterrio Cole,ACTIVE
R Mason Thomas,ACTIVE
R.J. Moten,ACTIVE
Ra'Shaun Henry,ACTIVE
Racey McMath,ACTIVE
Rachaad White,QUESTIONABLE
Rachad Wildgoose,ACTIVE
Raekwon Davis,ACTIVE
Raekwon McMillan,ACTIVE
Raequan Williams,ACTIVE
Raheem Blackshear,QUESTIONABLE
Raheem Layne,ACTIVE
Raheem Mostert,QUESTIONABLE
Raheim Sanders,ACTIVE
Rakeem Boyd,ACTIVE
Rakeem Nunez-Roches,ACTIVE
Rakim Jarrett,ACTIVE
Raleigh Texada,ACTIVE
Raleigh Webb,ACTIVE
Ralen Goforth,ACTIVE
Ralph Holley,ACTIVE
Ramel Keyton,ACTIVE
Ramiz Ahmed,ACTIVE
Ramon Jefferson,ACTIVE
Randall Cobb,ACTIVE
Randy Bullock,ACTIVE
Randy Charlton,ACTIVE
Randy Gregory,ACTIVE
Randy Ramsey,ACTIVE
Rannell Hall,ACTIVE
Ranthony Texada,ACTIVE
Rashaad Coward,ACTIVE
Rashaan Evans,ACTIVE
Rashaan Gaulden,ACTIVE
Rashad Fenton,ACTIVE
Rashad Medaris,ACTIVE
Rashad Rochelle,ACTIVE
Rashad Smith,ACTIVE
Rashad Torrence II,ACTIVE
Rashad Weaver,ACTIVE
Rashad Wisdom,ACTIVE
Rashan Gary,ACTIVE
Rashard Causey,ACTIVE
Rashard Davis,ACTIVE
Rashard Higgins,ACTIVE
Rashard Lawrence,ACTIVE
Rashard Robinson,ACTIVE
Rashee Rice,QUESTIONABLE
Rasheem Green,ACTIVE
Rasheen Ali,ACTIVE
Rashid Shaheed,ACTIVE
Rashod Bateman,ACTIVE
Rashod Berry,ACTIVE
Rashod Hill,ACTIVE
Rashod Owens,ACTIVE
Rason Williams II,ACTIVE
Rasul Douglas,ACTIVE
Raven Greene,ACTIVE
Ray Davis,ACTIVE
Ray Lima,ACTIVE
Ray Wilborn,ACTIVE
Ray-Ray Armstrong,ACTIVE
Ray-Ray McCloud III,QUESTIONABLE
Raylen Sharpe,ACTIVE
Raymond Calais,ACTIVE
Raymond Johnson III,ACTIVE
Raymond Vohasek,ACTIVE
Rayshad Nichols,ACTIVE
Rayshad Williams,ACTIVE
Rayshaun Benny,ACTIVE
Rayshawn Jenkins,ACTIVE
Rayuan Lane III,ACTIVE
Red Murdock,ACTIVE
Reddy Steward,ACTIVE
Reece Horn,ACTIVE
Reed Blankenship,ACTIVE
Reese Taylor,OUT
Reggie Begelton,ACTIVE
Reggie Bonnafon,ACTIVE
Reggie Brown,ACTIVE
Reggie Davis,ACTIVE
Reggie Floyd,ACTIVE
Reggie Gilbert,ACTIVE
Reggie Gilliam,OUT
Reggie Ragland,ACTIVE
Reggie Roberson Jr.,ACTIVE
Reggie Robinson II,ACTIVE
Reggie Virgil,ACTIVE
Reggie Walker,ACTIVE
Reggie White Jr.,ACTIVE
Reginald Virgil,ACTIVE
Reid Carrico,ACTIVE
Reid Ferguson,ACTIVE
Reid Sinnett,ACTIVE
Reid Williford,QUESTIONABLE
Rejzohn Wright,INJURY_RESERVE
Renardo Green,ACTIVE
Rene Konga,INJURY_RESERVE
Renell Wren,ACTIVE
Reuben Foster,ACTIVE
Reuben Lowery III,ACTIVE
Rhamondre Stevenson,QUESTIONABLE
Ricardo Allen,ACTIVE
Ricardo Hallman,ACTIVE
Ricardo Louis,ACTIVE
Richard LeCounte III,ACTIVE
Richard Rodgers,ACTIVE
Richard Sherman,ACTIVE
Richie Grant,ACTIVE
Richie James,ACTIVE
Richie Leone,ACTIVE
Rick Leonard,ACTIVE
Rick Lovato,ACTIVE
Rick Wagner,ACTIVE
Ricky Barber,ACTIVE
Ricky Pearsall,INJURY_RESERVE
Ricky Person Jr.,ACTIVE
Ricky Seals-Jones,ACTIVE
Ricky White III,ACTIVE
Rico Bussey,ACTIVE
Rico Dowdle,QUESTIONABLE
Rico Gafford,ACTIVE
Rico Payton,INJURY_RESERVE
Rigoberto Sanchez,ACTIVE
Riley Cole,ACTIVE
Riley Dixon,ACTIVE
Riley Lees,ACTIVE
Riley Leonard,ACTIVE
Riley Moss,QUESTIONABLE
Riley Neal,ACTIVE
Riley Nowakowski,ACTIVE
Riley Patterson,ACTIVE
Riley Reiff,ACTIVE
Riley Ridley,ACTIVE
Riley Sharp,ACTIVE
Riley Wilson,ACTIVE
Riq Woolen,ACTIVE
Rivaldo Fairweather,ACTIVE
River Cracraft,QUESTIONABLE
RJ Delancy III,ACTIVE
RJ Harvey,ACTIVE
RJ Maryland,QUESTIONABLE
RJ McIntosh,ACTIVE
RJ Mickens,ACTIVE
Ro Torrence,ACTIVE
Ro'Derrick Hoskins,ACTIVE
Rob Carter Jr.,ACTIVE
Rob Gronkowski,ACTIVE
Rob Windsor,ACTIVE
Robbie Chosen,ACTIVE
Robbie Gould,ACTIVE
Robbie Ouzts,INJURY_RESERVE
Robert Alford,ACTIVE
Robert Beal Jr.,QUESTIONABLE
Robert Burns,ACTIVE
Robert Carter,ACTIVE
Robert Cooper,ACTIVE
Robert Davis,ACTIVE
Robert Foster,ACTIVE
Robert Griffin III,ACTIVE
Robert Henry,ACTIVE
Robert Henry Jr.,ACTIVE
Robert Jackson,ACTIVE
Robert Javier,ACTIVE
Robert Kennedy,ACTIVE
Robert Lewis,ACTIVE
Robert Longerbeam,ACTIVE
Robert McCray,ACTIVE
Robert McDaniel,ACTIVE
Robert Nkemdiche,ACTIVE
Robert Quinn,ACTIVE
Robert Rochell,ACTIVE
Robert Spears-Jennings,ACTIVE
Robert Spillane,ACTIVE
Robert Tonyan,ACTIVE
Robert Turbin,ACTIVE
Roberto Aguayo,ACTIVE
Roc Taylor,ACTIVE
Rock Ya-Sin,DOUBTFUL
Rocky Lombardi,ACTIVE
Rod Gattison,ACTIVE
Rod Smith,ACTIVE
Rodarius Williams,ACTIVE
Roderic Teamer,ACTIVE
Roderick Daniels Jr.,ACTIVE
Roderick Johnson,ACTIVE
Roderick Perry II,ACTIVE
Rodger Saffold,ACTIVE
Rodney Adams,ACTIVE
Rodney Anderson,ACTIVE
Rodney Clemons,ACTIVE
Rodney Hudson,ACTIVE
Rodney Mathews,ACTIVE
Rodney McGraw,ACTIVE
Rodney Randle Jr.,ACTIVE
Rodney Shelley,ACTIVE
Rodney Smith,ACTIVE
Rodney Thomas II,ACTIVE
Rodney Williams,ACTIVE
Rodrigo Blankenship,ACTIVE
Roger Carter Jr.,ACTIVE
Roger McCreary,ACTIVE
Rohan Jones,ACTIVE
Rojesterman Farris,ACTIVE
Rolan Milligan,ACTIVE
Roman Hemby,ACTIVE
Roman Parodie,ACTIVE
Roman Wilson,ACTIVE
Rome Odunze,ACTIVE
Romello Brinson,ACTIVE
Romello Height,ACTIVE
Romeo Doubs,ACTIVE
Romeo Finley,ACTIVE
Romeo McKnight,ACTIVE
Romeo Okwara,ACTIVE
Ron Leary,ACTIVE
Ron Stone Jr.,ACTIVE
Ron'Dell Carter,ACTIVE
Ronald Awatt,ACTIVE
Ronald Blair,ACTIVE
Ronald Jones,ACTIVE
Rondell Bothroyd,ACTIVE
Ronnell Perkins,ACTIVE
Ronnie Bell,ACTIVE
Ronnie Brown,ACTIVE
Ronnie Harrison Jr.,INJURY_RESERVE
Ronnie Hickman,ACTIVE
Ronnie Perkins,ACTIVE
Ronnie Rivers,INJURY_RESERVE
Ronnie Stanley,ACTIVE
Rontez Miles,ACTIVE
Roosevelt Nix,ACTIVE
Roquan Smith,ACTIVE
Rory Starkey,ACTIVE
Roschon Johnson,ACTIVE
Ross Blacklock,ACTIVE
Ross Cockrell,ACTIVE
Ross Dwelley,ACTIVE
Ross Travis,ACTIVE
Roy Lopez,ACTIVE
Roy Robertson-Harris,INJURY_RESERVE
Royce Freeman,ACTIVE
Roydell Williams,ACTIVE
Ruben Hyppolite II,INJURY_RESERVE
Rudy Ford,ACTIVE
Rueben Bain,ACTIVE
Rueben Bain Jr.,ACTIVE
Ruke Orhorhoro,ACTIVE
Rushawn Baker,ACTIVE
Russ Yeast,ACTIVE
Russell Gage Jr.,ACTIVE
Russell Okung,ACTIVE
Russell Shepard,ACTIVE
Russell Wilson,ACTIVE
Ryan Allen,ACTIVE
Ryan Anderson,ACTIVE
Ryan Becker,ACTIVE
Ryan Bee,ACTIVE
Ryan Coe,ACTIVE
Ryan Connelly,ACTIVE
Ryan Cooper Jr.,ACTIVE
Ryan Eckley,ACTIVE
Ryan Fitzgerald,ACTIVE
Ryan Flournoy,ACTIVE
Ryan Grant,ACTIVE
Ryan Griffin,ACTIVE
Ryan Groy,ACTIVE
Ryan Hunter,ACTIVE
Ryan Izzo,ACTIVE
Ryan Jones,ACTIVE
Ryan Kalil,ACTIVE
Ryan Kelly,ACTIVE
Ryan McDaniel,ACTIVE
Ryan Miller,ACTIVE
Ryan Nall,ACTIVE
Ryan Neal,ACTIVE
Ryan Pope,ACTIVE
Ryan Rehkow,ACTIVE
Ryan Sanborn,ACTIVE
Ryan Santoso,ACTIVE
Ryan Smenda Jr.,ACTIVE
Ryan Smith,ACTIVE
Ryan Stonehouse,ACTIVE
Ryan Succop,ACTIVE
Ryan Switzer,ACTIVE
Ryan Tannehill,ACTIVE
Ryan Watts,ACTIVE
Ryan Willis,ACTIVE
Ryan Wright,ACTIVE
Ryder Anderson,ACTIVE
Rylie Mills,ACTIVE
Ryquell Armstead,ACTIVE
Rysen John,ACTIVE
Sabastian Harsh,ACTIVE
Saeed Blacknall,ACTIVE
Sage Surratt,ACTIVE
Sahmir Hagans,ACTIVE
Sai'vion Jones,ACTIVE
Sailosi Latu,ACTIVE
Saivion Smith,ACTIVE
Sal Cannella,ACTIVE
Salvon Ahmed,ACTIVE
Sam Acho,ACTIVE
Sam Beal,ACTIVE
Sam Brown Jr.,ACTIVE
Sam Darnold,ACTIVE
Sam Eguavoen,ACTIVE
Sam Ehlinger,ACTIVE
Sam Ficken,ACTIVE
Sam Franklin Jr.,ACTIVE
Sam Hartman,ACTIVE
Sam Howell,ACTIVE
Sam Irwin-Hill,ACTIVE
Sam James,ACTIVE
Sam Jones,ACTIVE
Sam Kamara,ACTIVE
Sam LaPorta,ACTIVE
Sam Martin,ACTIVE
Sam Okuayinonu,INJURY_RESERVE
Sam Pinckney,ACTIVE
Sam Pitz,ACTIVE
Sam Renner,ACTIVE
Sam Roberts,QUESTIONABLE
Sam Roush,ACTIVE
Sam Schnee,ACTIVE
Sam Scott,ACTIVE
Sam Sloman,ACTIVE
Sam Tevi,ACTIVE
Sam Webb,ACTIVE
Sam Wiglusz,ACTIVE
Sam Williams,ACTIVE
Samaje Perine,ACTIVE
Sammie Coates,ACTIVE
Sammis Reyes,ACTIVE
Sammy Watkins,ACTIVE
Samori Toure,ACTIVE
Samson Ebukam,QUESTIONABLE
Samson Nacua,ACTIVE
Samuel Scott,ACTIVE
Samuel Womack III,ACTIVE
Sandro Platzgummer,ACTIVE
Sanoussi Kane,ACTIVE
Saquan Hampton,ACTIVE
Saquon Barkley,QUESTIONABLE
SaRodorick Thompson Jr.,ACTIVE
Sauce Gardner,ACTIVE
Savion Jackson,ACTIVE
Savion Williams,INJURY_RESERVE
Savon Scarver,ACTIVE
Scooby Williams,ACTIVE
Scooter Harrington,ACTIVE
Scott Matlock,INJURY_RESERVE
Scott Nelson,ACTIVE
Scott Patchan,ACTIVE
Scott Quessenberry,ACTIVE
Scottie Phillips,ACTIVE
Scotty Miller,ACTIVE
Scotty Washington,ACTIVE
Sean Brown,QUESTIONABLE
Sean Chandler,ACTIVE
Sean Clifford,ACTIVE
Sean Culkin,ACTIVE
Sean Davis,ACTIVE
Sean Fresch,ACTIVE
Sean Harlow,ACTIVE
Sean Mahone,ACTIVE
Sean Mannion,ACTIVE
Sean McKeon,QUESTIONABLE
Sean Modster,ACTIVE
Sean Murphy-Bunting,ACTIVE
Sean Riley,ACTIVE
Sean Ryan,ACTIVE
Sean Smith,ACTIVE
Sean Tucker,ACTIVE
Sebastian Castro,ACTIVE
Sebastian Joseph-Day,ACTIVE
Sebastian Valdez,ACTIVE
Segun Olubi,ACTIVE
Senio Kelemete,ACTIVE
Senorise Perry,ACTIVE
Sergio Castillo,ACTIVE
Seth Benson,ACTIVE
Seth Coleman-Lyles,ACTIVE
Seth Dawkins,ACTIVE
Seth DeValve,ACTIVE
Seth Green,ACTIVE
Seth Henigan,ACTIVE
Seth McGowan,ACTIVE
Seth Roberts,ACTIVE
Seth Vernon,ACTIVE
Seth Williams,ACTIVE
Sewo Olonilua,ACTIVE
Seydou Traore,ACTIVE
Seyi Ajirotutu,ACTIVE
Shabari Davis,ACTIVE
Shad Banks Jr.,QUESTIONABLE
Shae Wyatt,ACTIVE
Shaka Heyward,ACTIVE
Shaka Toney,ACTIVE
Shakel Brown,ACTIVE
Shakial Taylor,ACTIVE
Shakir Soto,ACTIVE
Shakur Brown,ACTIVE
Shaleak Knotts,ACTIVE
Shalom Luani,ACTIVE
Shamar Stephen,ACTIVE
Shane Buechele,ACTIVE
Shane Leatherbury,ACTIVE
Shane Lee,ACTIVE
Shane Ray,ACTIVE
Shane Watts,ACTIVE
Shane Zylstra,QUESTIONABLE
Shaq Lawson,ACTIVE
Shaq Mason,ACTIVE
Shaq Quarterman,ACTIVE
Shaq Smith,ACTIVE
Shaq Thompson,ACTIVE
Shaquan Davis,ACTIVE
Shaquan Loyal,ACTIVE
Shaquem Griffin,ACTIVE
Shaquil Barrett,ACTIVE
Shaquill Griffin,ACTIVE
Shaquille Leonard,ACTIVE
Sharif Finch,ACTIVE
Sharrod Neasman,ACTIVE
Shaun Beyer,ACTIVE
Shaun Bradley,ACTIVE
Shaun Crawford,ACTIVE
Shaun Dion Hamilton,ACTIVE
Shaun Dolac,ACTIVE
Shaun Jolly,ACTIVE
Shaun Peterson Jr.,ACTIVE
Shaun Wade,QUESTIONABLE
Shaun Wilson,ACTIVE
Shavon Revel Jr.,ACTIVE
Shawn Bowman,ACTIVE
Shawn Davis,ACTIVE
Shawn Poindexter,ACTIVE
Shawn Williams,ACTIVE
Shayne Simon,ACTIVE
Shea Patterson,ACTIVE
Shedeur Sanders,ACTIVE
Shedrick Jackson,ACTIVE
Shelby Harris,ACTIVE
Sheldon Day,ACTIVE
Sheldon Rankins,ACTIVE
Sheldon Richardson,ACTIVE
Sheldrick Redwine,ACTIVE
Shelton Gibson,ACTIVE
Shemar Bartholomew,ACTIVE
Shemar Bridges,ACTIVE
Shemar James,ACTIVE
Shemar Jean-Charles,QUESTIONABLE
Shemar Stewart,ACTIVE
Shemar Turner,OUT
Shermari Jones,ACTIVE
Sherrick McManis,ACTIVE
Shi Smith,ACTIVE
Shilique Calhoun,ACTIVE
Shilo Sanders,ACTIVE
Shon Coleman,ACTIVE
Shon Stephens,ACTIVE
ShunDerrick Powell,ACTIVE
Shy Tuttle,ACTIVE
Shyheim Carter,ACTIVE
Siaki Ika,ACTIVE
Siaosi Mariner,ACTIVE
Sidney Jones IV,ACTIVE
Silas Bolden,ACTIVE
Silas Kelly,ACTIVE
Silas Walters,ACTIVE
Simeon Barrow Jr.,ACTIVE
Simeon Thomas,ACTIVE
Simi Fehoko,ACTIVE
Sincere Brown,QUESTIONABLE
Sincere McCormick,ACTIVE
Sione Takitaki,QUESTIONABLE
Sione Teuhema,ACTIVE
Sione Vaki,ACTIVE
Siran Neal,ACTIVE
Sirgeo Hoffman,ACTIVE
SirVocea Dennis,OUT
Skai Moore,ACTIVE
Skylar Thompson,INJURY_RESERVE
Skyler Bell,ACTIVE
Skyler Gill-Howard,ACTIVE
Skyler Thomas,ACTIVE
Skyy Moore,ACTIVE
Slade Bolden,ACTIVE
Smael Mondon Jr.,ACTIVE
Smith Vilbert,ACTIVE
Smoke Monday,ACTIVE
Snoop Conner,ACTIVE
Sojourn Shelton,ACTIVE
Solomon Ajayi,ACTIVE
Solomon Byrd,INJURY_RESERVE
Solomon DeShields,ACTIVE
Solomon Thomas,ACTIVE
Sone Ntoh,ACTIVE
Sonny Styles,ACTIVE
Sony Michel,ACTIVE
Spencer Brown,ACTIVE
Spencer Drango,ACTIVE
Spencer Pulley,ACTIVE
Spencer Rattler,ACTIVE
Spencer Schnell,ACTIVE
Spencer Shrader,ACTIVE
Spencer Waege,ACTIVE
Spencer Ware,ACTIVE
Squirrel White,ACTIVE
Stacy Keely,ACTIVE
Stacy McGee,ACTIVE
Stanford Samuels,ACTIVE
Stanley Berryhill,ACTIVE
Stanley Morgan Jr.,ACTIVE
Stantley Thomas-Oliver III,ACTIVE
Star Lotulelei,ACTIVE
Starling Thomas V,ACTIVE
Steele Chambers,ACTIVE
Stefen Wisniewski,ACTIVE
Stefon Diggs,OUT
Stephen Anderson,ACTIVE
Stephen Carlson,ACTIVE
Stephen Denmark,ACTIVE
Stephen Dix Jr.,ACTIVE
Stephen Gosnell,ACTIVE
Stephen Gostkowski,ACTIVE
Stephen Guidry,ACTIVE
Stephen Hall,ACTIVE
Stephen Hauschka,ACTIVE
Stephen Roberts,ACTIVE
Stephen Sullivan,ACTIVE
Stephen Weatherly,ACTIVE
Stephon Gilmore,ACTIVE
Stephon Robinson Jr.,ACTIVE
Stephone Anthony,ACTIVE
Sterling Hofrichter,ACTIVE
Sterling Johnson,ACTIVE
Sterling Shepard,ACTIVE
Sterling Weatherford,ACTIVE
Stetson Bennett IV,ACTIVE
Steve Ishmael,ACTIVE
Steve McLendon,ACTIVE
Steven Gilmore,ACTIVE
Steven Johnson,ACTIVE
Steven Jones Jr.,ACTIVE
Steven Means,ACTIVE
Steven Mitchell Jr.,ACTIVE
Steven Montez,ACTIVE
Steven Nelson,ACTIVE
Steven Parker,ACTIVE
Steven Sims,ACTIVE
Steven Stilianos,ACTIVE
Stevie Scott,ACTIVE
Stevie Tu'ikolovatu,ACTIVE
Stevo Klotz,ACTIVE
Stone Smartt,ACTIVE
Storey Jackson,ACTIVE
Storm Duck,OUT
Storm Norton,OUT
Sunny Anderson,ACTIVE
Swayze Bozeman,QUESTIONABLE
Sy Barnett,ACTIVE
Sydney Brown,ACTIVE
Sylvester Williams,ACTIVE
T.D. Moultry,ACTIVE
T.J. Bollers,ACTIVE
T.J. Carrie,ACTIVE
T.J. Carter,ACTIVE
T.J. Clemmings,ACTIVE
T.J. Edwards,ACTIVE
T.J. Green,ACTIVE
T.J. Hockenson,ACTIVE
T.J. Logan,ACTIVE
T.J. Luther,ACTIVE
T.J. Maguranyanga,ACTIVE
T.J. Sanders,ACTIVE
T.J. Simmons,ACTIVE
T.J. Slaton Jr.,ACTIVE
T.J. Smith,ACTIVE
T.J. Tampa,INJURY_RESERVE
T.J. Vasher,ACTIVE
T.J. Ward,ACTIVE
T.J. Watt,ACTIVE
T.J. Yeldon,ACTIVE
T.Y. Hilton,ACTIVE
T.Y. McGill,ACTIVE
T'Vondre Sweat,ACTIVE
Ta'Quon Graham,ACTIVE
Tacario Davis,ACTIVE
Taco Charlton,ACTIVE
Tae Crowder,ACTIVE
Tae Daley,ACTIVE
Tae Davis,ACTIVE
Tae Hayes,ACTIVE
Tahir Whitehead,ACTIVE
Tahj Brooks,ACTIVE
Tahj Chambers,ACTIVE
Tahj Washington,ACTIVE
Tai Felton,ACTIVE
Taiwan Jones,ACTIVE
Taj McGowan,ACTIVE
Tajae Sharpe,ACTIVE
Tajhea Chambers,ACTIVE
Taki Taimani,QUESTIONABLE
Takk McKinley,ACTIVE
Talanoa Hufanga,ACTIVE
Talolo Limu-Jones,ACTIVE
TaMerik Williams,ACTIVE
Tamon Lynum,ACTIVE
Tamorrion Terry,ACTIVE
Tank Bigsby,INJURY_RESERVE
Tank Booker,ACTIVE
Tank Dell,INJURY_RESERVE
Tanner Arkin,ACTIVE
Tanner Brown,ACTIVE
Tanner Conner,ACTIVE
Tanner Gentry,ACTIVE
Tanner Hudson,ACTIVE
Tanner Ingle,ACTIVE
Tanner Knue,ACTIVE
Tanner Koziol,ACTIVE
Tanner McCalister,ACTIVE
Tanner McKee,ACTIVE
Tanner McLachlan,QUESTIONABLE
Tanner Mordecai,ACTIVE
Tanner Morgan,ACTIVE
Tanner Muse,ACTIVE
Tanner Taula,ACTIVE
Tanner Vallejo,ACTIVE
Tanner Wall,ACTIVE
Tanoh Kpassagnon,INJURY_RESERVE
Tanzel Smart,ACTIVE
Taquan Mizzell,ACTIVE
Tarell Basham,ACTIVE
Tarheeb Still,ACTIVE
Tarik Black,ACTIVE
Tariq Carpenter,ACTIVE
Tariq Castro-Fields,QUESTIONABLE
Tariq Thompson,ACTIVE
Tariqious Tisdale,ACTIVE
Tarique Barnes,ACTIVE
Taron Johnson,ACTIVE
Taron Vincent,ACTIVE
Tarron Jackson,ACTIVE
Tarvarius Moore,ACTIVE
Tashaun Gipson Sr.,ACTIVE
Tashawn Bower,ACTIVE
Tatum Bethune,ACTIVE
Taurean York,ACTIVE
Tautala Pesefea Jr.,ACTIVE
Tavante Beckett,ACTIVE
Tavaris Barnes,ACTIVE
Taven Bryan,ACTIVE
Tavien Feaster,ACTIVE
Tavierre Thomas,ACTIVE
Tavin Harville,ACTIVE
Tavius Robinson,ACTIVE
Tavon Austin,ACTIVE
Tavon Wilson,ACTIVE
Tavon Young,ACTIVE
Tay Gowan,ACTIVE
Tay Martin,ACTIVE
Taybor Pepper,ACTIVE
Taye Barber,ACTIVE
Taylen Green,ACTIVE
Tayler Hawkins,ACTIVE
Taylor Bertolet,ACTIVE
Taylor Decker,ACTIVE
Taylor Elgersma,ACTIVE
Taylor Grimes,ACTIVE
Taylor Heinicke,ACTIVE
Taylor Lewan,ACTIVE
Taylor Morin,ACTIVE
Taylor Moton,OUT
Taylor Rapp,ACTIVE
Taylor Russolino,ACTIVE
Taylor Stallworth,ACTIVE
Tayon Fleet-Davis,ACTIVE
Taysir Mack,ACTIVE
Taysom Hill,ACTIVE
Tayvion Robinson,ACTIVE
Taywan Taylor,ACTIVE
Te'Cory Couch,QUESTIONABLE
Te'von Coney,ACTIVE
Teagan Quitoriano,ACTIVE
Teair Tart,ACTIVE
Ted Ginn Jr.,ACTIVE
Ted Hurst III,ACTIVE
Ted Karras,ACTIVE
Teddy Bridgewater,ACTIVE
Teddye Buchanan,ACTIVE
Tedric Thompson,ACTIVE
Tee Higgins,QUESTIONABLE
Teez Tabor,ACTIVE
Tegray Scales,ACTIVE
Tejhaun Palmer,ACTIVE
Temarrick Hemingway,ACTIVE
TeRah Edwards,ACTIVE
Terell Smith,ACTIVE
Terence Garvin,ACTIVE
Terence Newman,ACTIVE
Terez Hall,ACTIVE
Terion Stewart,ACTIVE
Terique Owens,ACTIVE
Terrace Marshall Jr.,ACTIVE
Terrance Ferguson,INJURY_RESERVE
Terrance Lang,ACTIVE
Terrance Smith,ACTIVE
Terrel Bernard,ACTIVE
Terrell Bonds,ACTIVE
Terrell Burgess,ACTIVE
Terrell Bynum,ACTIVE
Terrell Edmunds,ACTIVE
Terrell Jennings,ACTIVE
Terrell Lewis,ACTIVE
Terrell Suggs,ACTIVE
Terrence Brooks,ACTIVE
Terrence Hall,ACTIVE
Terrill Davis,ACTIVE
Terrill Hanks,ACTIVE
Terrion Arnold,OUT
Terry Beckner Jr.,ACTIVE
Terry Godwin,ACTIVE
Terry McLaurin,QUESTIONABLE
Terry Quinn,ACTIVE
Terry Webb,ACTIVE
Tershawn Wharton,OUT
Tetairoa McMillan,ACTIVE
Tevaughn Campbell,ACTIVE
Tevin Coleman,ACTIVE
Tevin Jones,ACTIVE
Tez Johnson,ACTIVE
Thaddeus Dixon,INJURY_RESERVE
Thaddeus Moss,ACTIVE
Thayer Thomas,ACTIVE
Theo Jackson,ACTIVE
Theo Johnson,ACTIVE
Theo Wease Jr.,ACTIVE
Theron Gaines,ACTIVE
Thomas Booker IV,ACTIVE
Thomas Fidone II,ACTIVE
Thomas Gordon,ACTIVE
Thomas Graham Jr.,ACTIVE
Thomas Greaney,ACTIVE
Thomas Harper,INJURY_RESERVE
Thomas Hennessy,ACTIVE
Thomas Hennigan,ACTIVE
Thomas Incoom,ACTIVE
Thomas Ives,ACTIVE
Thomas Morstead,ACTIVE
Thomas Odukoya,ACTIVE
Thomas Rush,ACTIVE
Thomas Schaffer,ACTIVE
Thomas Yassmin,INJURY_RESERVE
Thor Griffith,ACTIVE
Thyrick Pitts,ACTIVE
Tiawan Mullen,ACTIVE
Tim Boyle,ACTIVE
Tim DeMorat,ACTIVE
Tim Harris,ACTIVE
Tim Jones,ACTIVE
Tim Keenan III,ACTIVE
Tim Patrick,INJURY_RESERVE
Tim Settle,ACTIVE
Tim Smith,ACTIVE
Tim Tebow,ACTIVE
Tim Ward,ACTIVE
Tim White,ACTIVE
Tim Williams,ACTIVE
Timarcus Davis,ACTIVE
Timmy Horne,ACTIVE
Timmy Jernigan,ACTIVE
Timon Parris,ACTIVE
Tino Ellis,ACTIVE
Tip Reiman,OUT
Tipa Galeai,ACTIVE
Titus Leo,QUESTIONABLE
Titus Swen,ACTIVE
Tiyon Evans,ACTIVE
TJ Carter,ACTIVE
TJ Franklin,ACTIVE
TJ Hall Jr.,ACTIVE
TJ Harden,ACTIVE
TJ Moore,ACTIVE
TJ Morrison,ACTIVE
TJ Parker,ACTIVE
TJ Pledger,ACTIVE
TJ Quinn,ACTIVE
TJ Sheffield,ACTIVE
TK McLendon Jr.,ACTIVE
Toa Taua,ACTIVE
Tobenna Okeke,ACTIVE
Toby Ndukwe,ACTIVE
Todd Davis,ACTIVE
Todd Gurley,ACTIVE
Tom Compton,ACTIVE
Tom Kennedy,ACTIVE
Tomari Fox,ACTIVE
Tomarion Harden,ACTIVE
Tomasi Laulile,ACTIVE
Tommy Akingbesote,ACTIVE
Tommy Bohanon,ACTIVE
Tommy DeVito,ACTIVE
Tommy Doman Jr.,ACTIVE
Tommy Dunn,ACTIVE
Tommy Dunn Jr.,ACTIVE
Tommy Eichenberg,ACTIVE
Tommy Heatherly,ACTIVE
Tommy Hudson,ACTIVE
Tommy McCormick,ACTIVE
Tommy Mellott,ACTIVE
Tommy Stevens,ACTIVE
Tommy Sweeney,ACTIVE
Tommy Togiai,ACTIVE
Tommy Townsend,ACTIVE
Tommy Tremble,ACTIVE
Tommylee Lewis,ACTIVE
Tomon Fox,ACTIVE
Tonka Hemingway,ACTIVE
Tony Adams,ACTIVE
Tony Bergstrom,ACTIVE
Tony Brooks-James,ACTIVE
Tony Brown,ACTIVE
Tony Brown II,ACTIVE
Tony Fields II,INJURY_RESERVE
Tony Jefferson,ACTIVE
Tony Jones Jr.,ACTIVE
Tony McRae,ACTIVE
Tony Poljan,ACTIVE
Tony Pollard,ACTIVE
Toriano Clinton,ACTIVE
Toriano Pride Jr.,ACTIVE
Torry McTyer,ACTIVE
Tory Carter,ACTIVE
Tory Horton,ACTIVE
Tory Taylor,ACTIVE
Tra Carson,ACTIVE
Tra Fluellen,ACTIVE
Trace Ford,ACTIVE
Trace McSorley,ACTIVE
Tracy Walker III,ACTIVE
Trae Waynes,ACTIVE
Traeshon Holden,ACTIVE
Trai Turner,ACTIVE
Trajan Bandy,ACTIVE
Trajan Jeffcoat,ACTIVE
Tramel Walthour,ACTIVE
Travell Harris,ACTIVE
Travez Moore,ACTIVE
Travin Howard,ACTIVE
Travis Bell,QUESTIONABLE
Travis Benjamin,ACTIVE
Travis Dye,ACTIVE
Travis Etienne Jr.,INJURY_RESERVE
Travis Fulgham,ACTIVE
Travis Homer,ACTIVE
Travis Hunter,ACTIVE
Travis Jones,ACTIVE
Travis Jonsen,ACTIVE
Travis Kelce,ACTIVE
Travis Koontz,ACTIVE
Travis Reed,ACTIVE
Travis Shaw,ACTIVE
Travis Toivonen,ACTIVE
Travis Vokolek,ACTIVE
Travon Fuller,ACTIVE
Travon Walker,ACTIVE
Tray Matthews,ACTIVE
Trayveon Williams,ACTIVE
Trayvon Henderson,ACTIVE
Trayvon Mullen,ACTIVE
Trayvon Rudolph,ACTIVE
Tre Avery,ACTIVE
Tre Boston,ACTIVE
Tre Brown,INJURY_RESERVE
Tre Flowers,ACTIVE
Tre Harbison,ACTIVE
Tre Hawkins III,ACTIVE
Tre Herndon,ACTIVE
Tre Jenkins,ACTIVE
Tre Mosley,ACTIVE
Tre Nixon,ACTIVE
Tre Norwood,ACTIVE
Tre Roberson,ACTIVE
Tre Sterling,ACTIVE
Tre Stewart,ACTIVE
Tre Swilling,ACTIVE
Tre Tarpley III,ACTIVE
Tre Tomlinson,ACTIVE
Tre Tucker,ACTIVE
Tre Walker,ACTIVE
Tre Watson,ACTIVE
Tre Webb,ACTIVE
Tre' Crawford,ACTIVE
Tre' Harris,ACTIVE
Tre' McKitty,ACTIVE
Tre'Davious White,ACTIVE
Tre'Mon Morris-Brash,ACTIVE
Tre'Quan Smith,ACTIVE
Tre'Shaun Harrison,ACTIVE
Tre'von Moehrig,ACTIVE
Tre'vonn Rybka,ACTIVE
Trebor Pena,ACTIVE
Tremaine Edmunds,ACTIVE
Tremon Smith,ACTIVE
Trent Battle,ACTIVE
Trent Brown,ACTIVE
Trent Harris,ACTIVE
Trent McDuffie,ACTIVE
Trent Murphy,ACTIVE
Trent Pennix,ACTIVE
Trent Scott,ACTIVE
Trent Sherfield,ACTIVE
Trent Sieg,ACTIVE
Trent Taylor,ACTIVE
Trent Williams,ACTIVE
Trenton Cannon,ACTIVE
Trenton Gill,ACTIVE
Trenton Irwin,ACTIVE
Trenton Simpson,ACTIVE
Trenton Thompson,ACTIVE
Tress Way,ACTIVE
Trestan Ebner,ACTIVE
Treston Decoud,ACTIVE
Treven Ma'ae,ACTIVE
TreVeyon Henderson,ACTIVE
Trevian Thomas,ACTIVE
Trevin Wallace,ACTIVE
Trevion Thompson,ACTIVE
Trevis Gipson,ACTIVE
Trevon Bradford,ACTIVE
Trevon Clark,ACTIVE
Trevon Coley,ACTIVE
Trevon Diggs,ACTIVE
Trevon Grimes,ACTIVE
Trevon Mason,ACTIVE
Trevon McSwain,ACTIVE
Trevon Wesco,ACTIVE
Trevon Young,ACTIVE
TreVontae Hights,ACTIVE
Trevor Bollers,ACTIVE
Trevor Daniel,ACTIVE
Trevor Davis,ACTIVE
Trevor Denbow,ACTIVE
Trevor Etienne,INJURY_RESERVE
Trevor Lawrence,ACTIVE
Trevor Nowaske,ACTIVE
Trevor Siemian,ACTIVE
Trevor Williams,ACTIVE
Trey Amos,INJURY_RESERVE
Trey Benson,INJURY_RESERVE
Trey Botts,ACTIVE
Trey Burton,ACTIVE
Trey Dean III,QUESTIONABLE
Trey Dishon,ACTIVE
Trey Edmunds,ACTIVE
Trey Flowers,ACTIVE
Trey Hendrickson,QUESTIONABLE
Trey Hopkins,ACTIVE
Trey Kiser,ACTIVE
Trey Knox,ACTIVE
Trey Lance,QUESTIONABLE
Trey Marshall,ACTIVE
Trey McBride,ACTIVE
Trey Moore,INJURY_RESERVE
Trey Palmer,ACTIVE
Trey Quinn,ACTIVE
Trey Ragas,ACTIVE
Trey Rucker,ACTIVE
Trey Sermon,INJURY_RESERVE
Trey Smack,ACTIVE
Trey Taylor,ACTIVE
Trey Vaval,ACTIVE
Trey Washington,ACTIVE
Trey Wolff,ACTIVE
Treydan Stukes,ACTIVE
Treylon Burks,ACTIVE
Treyton Welch,ACTIVE
Treyvhon Saunders,ACTIVE
Treyvon Hester,ACTIVE
Trikweze Bridges,ACTIVE
Trill Williams,ACTIVE
Trinity Benson,ACTIVE
Tristan Vizcaino,ACTIVE
Tristin McCollum,ACTIVE
Troy Andersen,QUESTIONABLE
Troy Apke,ACTIVE
Troy Brown,ACTIVE
Troy Dye,ACTIVE
Troy Franklin,ACTIVE
Troy Fumagalli,ACTIVE
Troy Hairston,ACTIVE
Troy Hill,ACTIVE
Troy Hughes,ACTIVE
Troy Pride Jr.,ACTIVE
Troy Reeder,ACTIVE
Troy Warner,ACTIVE
Troymaine Pope,ACTIVE
Tru Edwards,ACTIVE
Trumaine Johnson,ACTIVE
Truman Jones,ACTIVE
Trysten Hill,ACTIVE
Tua Tagovailoa,ACTIVE
Tuasivi Nomura,ACTIVE
Tucker Fisk,ACTIVE
Tucker Kraft,ACTIVE
Tucker Large,OUT
Tucker McCann,ACTIVE
Tuf Borland,ACTIVE
Tuli Letuligasenoa,ACTIVE
Tuli Tuipulotu,ACTIVE
Tulu Griffin,ACTIVE
Tutu Atwell,ACTIVE
Tuzar Skipper,ACTIVE
Ty Chandler,INJURY_RESERVE
Ty Fryfogle,ACTIVE
Ty Hamilton,ACTIVE
Ty James,ACTIVE
Ty Johnson,ACTIVE
Ty Long,ACTIVE
Ty Montgomery II,ACTIVE
Ty Nsekhe,ACTIVE
Ty Okada,ACTIVE
Ty Pezza,ACTIVE
Ty Robinson,ACTIVE
Ty Scott,ACTIVE
Ty Shelby,ACTIVE
Ty Simpson,ACTIVE
Ty Summers,QUESTIONABLE
Ty Zentner,ACTIVE
Ty'Ron Hopper,ACTIVE
Ty'Son Williams,ACTIVE
Tyarise Stevenson,ACTIVE
Tycen Anderson,ACTIVE
Tye Smith,ACTIVE
Tyeler Davison,ACTIVE
Tyjae Spears,ACTIVE
Tyjon Lindsey,ACTIVE
Tykee Smith,ACTIVE
Tylan Wallace,OUT
Tyleik Williams,QUESTIONABLE
Tyler Adams,ACTIVE
Tyler Allgeier,ACTIVE
Tyler Badie,ACTIVE
Tyler Baker-Williams,ACTIVE
Tyler Baron,OUT
Tyler Bass,ACTIVE
Tyler Batty,INJURY_RESERVE
Tyler Boyd,ACTIVE
Tyler Bray,ACTIVE
Tyler Clark,ACTIVE
Tyler Conklin,ACTIVE
Tyler Coyle,ACTIVE
Tyler Davis,ACTIVE
Tyler Eifert,ACTIVE
Tyler Ervin,ACTIVE
Tyler Gaffney,ACTIVE
Tyler Goodson,ACTIVE
Tyler Hall,ACTIVE
Tyler Harrell,ACTIVE
Tyler Higbee,ACTIVE
Tyler Hoosman,ACTIVE
Tyler Hudson,ACTIVE
Tyler Huntley,ACTIVE
Tyler Johnson,ACTIVE
Tyler Kahmann,ACTIVE
Tyler Kroft,ACTIVE
Tyler Lacy,ACTIVE
Tyler Lancaster,ACTIVE
Tyler Larsen,ACTIVE
Tyler Lockett,ACTIVE
Tyler Loop,ACTIVE
Tyler Mabry,QUESTIONABLE
Tyler Manoa,ACTIVE
Tyler Marz,ACTIVE
Tyler Matakevich,ACTIVE
Tyler Moore,ACTIVE
Tyler Murray,ACTIVE
Tyler Neville,ACTIVE
Tyler Newsome,ACTIVE
Tyler Nubin,ACTIVE
Tyler Onyedim,ACTIVE
Tyler Ott,ACTIVE
Tyler Owens,QUESTIONABLE
Tyler Pezza,ACTIVE
Tyler Richardson,ACTIVE
Tyler Scott,ACTIVE
Tyler Shatley,ACTIVE
Tyler Shelvin,ACTIVE
Tyler Shough,ACTIVE
Tyler Simmons,ACTIVE
Tyler Snead,ACTIVE
Tyler Vaughns,ACTIVE
Tyler Warren,ACTIVE
Tyon Davis,ACTIVE
Tyquan Lewis,ACTIVE
Tyquan Thornton,OUT
Tyre West,ACTIVE
Tyreak Sapp,QUESTIONABLE
Tyree Gillespie,ACTIVE
Tyree Jackson,QUESTIONABLE
Tyree Johnson,ACTIVE
Tyree Wilson,ACTIVE
Tyreek Chappell,QUESTIONABLE
Tyreek Hill,OUT
Tyreek Johnson,ACTIVE
Tyreek Maddox-Williams,ACTIVE
Tyreem Powell,ACTIVE
Tyreik McAllister,ACTIVE
Tyrek Funderburk,QUESTIONABLE
Tyreke Smith,ACTIVE
Tyrel Dodson,ACTIVE
Tyrell Adams,ACTIVE
Tyrell Crosby,ACTIVE
Tyrell Ford,ACTIVE
Tyrell Shavers,OUT
Tyrell Williams,ACTIVE
Tyren Montgomery,ACTIVE
Tyreque Jones,ACTIVE
Tyrice Knight,ACTIVE
Tyrie Cleveland,ACTIVE
Tyrion Davis-Price,ACTIVE
Tyrion Ingram-Dawkins,ACTIVE
Tyrique Stevenson Sr.,ACTIVE
Tyrod Taylor,ACTIVE
Tyron Billy-Johnson,ACTIVE
Tyron Herring,QUESTIONABLE
Tyrone Broden,QUESTIONABLE
Tyrone Crawford,ACTIVE
Tyrone Tracy Jr.,ACTIVE
Tyrus Wheat,ACTIVE
Tyshaun James,ACTIVE
Tysheem Johnson,ACTIVE
Tyshun Render,ACTIVE
Tyson Alualu,ACTIVE
Tyson Bagent,ACTIVE
Tyson Campbell,ACTIVE
Tyson Graham,ACTIVE
Tyson Russell,ACTIVE
Tyus Bowser,ACTIVE
Tyvis Powell,ACTIVE
Tywone Malone,ACTIVE
Tywone Malone Jr.,ACTIVE
Uar Bernard,ACTIVE
Uchenna Nwosu,ACTIVE
Ufomba Kamalu,ACTIVE
Ugo Amadi,ACTIVE
Ukeme Eligwe,ACTIVE
Ulumoo Ale,ACTIVE
Ulysees Gilbert,ACTIVE
Ulysses Bentley IV,ACTIVE
Upton Stout,QUESTIONABLE
Uso Seumalo,ACTIVE
Van Jefferson,ACTIVE
Velus Jones Jr.,ACTIVE
Ventell Bryant,ACTIVE
Ventrell Miller,ACTIVE
Vernon Broughton,ACTIVE
Vernon Butler,ACTIVE
Vernon Hargreaves III,ACTIVE
Vernon Scott,ACTIVE
Verone McKinley III,ACTIVE
Vi Jones,ACTIVE
Vic Beasley,ACTIVE
Victor Bolden,ACTIVE
Victor Dimukeje,QUESTIONABLE
Victor Payne,ACTIVE
Victor Salako,ACTIVE
Viliami Fehoko Jr.,ACTIVE
Vince Biegel,ACTIVE
Vincent Anthony Jr.,ACTIVE
Vincent Gray,ACTIVE
Vincent Taylor,ACTIVE
Vinny Anthony,ACTIVE
Vinny Anthony II,ACTIVE
Vinny Curry,ACTIVE
Virgil Green,ACTIVE
Virgil Lemons,ACTIVE
Vita Vea,ACTIVE
VJ Payne,INJURY_RESERVE
Von Miller,ACTIVE
Vonn Bell,ACTIVE
Vontaze Burfict,ACTIVE
Vosean Joseph,ACTIVE
Vyncint Smith,ACTIVE
Wade Woodaz,ACTIVE
Walt Aikens,ACTIVE
Walter Nolen III,QUESTIONABLE
Walter Palmore,ACTIVE
Wan'Dale Robinson,ACTIVE
Wande Owens,ACTIVE
Warren Brinson,INJURY_RESERVE
Warren Jackson,ACTIVE
Warren Peeples,ACTIVE
Wayne Gallman,ACTIVE
Wayne Matthews III,ACTIVE
Wayne Ruby,ACTIVE
Wayne Taulapapa,ACTIVE
Wendell Smallwood,ACTIVE
Wes Hills,ACTIVE
Wes Pahl,ACTIVE
Wesley Bailey,ACTIVE
Wesley Bissainthe,ACTIVE
Wesley Grimes,ACTIVE
Wesley Williams,ACTIVE
Wesley Woodyard,ACTIVE
West Weeks,ACTIVE
Whitney Mercilus,ACTIVE
Whop Philyor,ACTIVE
Wil Lutz,ACTIVE
Wilfried Pene,ACTIVE
Will Adams,ACTIVE
Will Anderson Jr.,QUESTIONABLE
Will Brooks,ACTIVE
Will Clapp,ACTIVE
Will Compton,ACTIVE
Will Dissly,QUESTIONABLE
Will Ferrin,ACTIVE
Will Grier,ACTIVE
Will Harris,ACTIVE
Will Hastings,ACTIVE
Will Hernandez,ACTIVE
Will Holden,ACTIVE
Will Howard,ACTIVE
Will Johnson,INJURY_RESERVE
Will Kacmarek,ACTIVE
Will Lee,ACTIVE
Will Lee III,ACTIVE
Will Levis,ACTIVE
Will Mallory,INJURY_RESERVE
Will McDonald IV,ACTIVE
Will Parks,ACTIVE
Will Pauling,ACTIVE
Will Redmond,ACTIVE
Will Reichard,ACTIVE
Will Richardson Jr.,ACTIVE
Will Sheppard,ACTIVE
Will Shipley,ACTIVE
Will Sunderland,ACTIVE
Will Sutton,ACTIVE
William Bradley-King,ACTIVE
William Fuller V,ACTIVE
William Gholston,ACTIVE
William Hooper,ACTIVE
William Kwenkeu,ACTIVE
William Stanback,ACTIVE
William Wilson,ACTIVE
William Wright,ACTIVE
Willie Drew,ACTIVE
Willie Gay Jr.,ACTIVE
Willie Harvey Jr.,ACTIVE
Willie Henry,ACTIVE
Willie Johnson,ACTIVE
Willie Roberts,ACTIVE
Willie Snead IV,ACTIVE
Willie Taylor III,ACTIVE
Willie Yarbary,ACTIVE
Willington Previlon,ACTIVE
Wilson Huber,ACTIVE
Winston Reid,ACTIVE
Winston Rose,ACTIVE
Winston Wright,ACTIVE
Woo Governor,ACTIVE
Woodrow Hamilton IV,ACTIVE
Woody Marks,ACTIVE
Wyatt Ray,ACTIVE
Wyatt Teller,ACTIVE
Wydett Williams,ACTIVE
Wydett Williams Jr.,ACTIVE
Wyett Ekeler,ACTIVE
Wynton McManis,ACTIVE
Xander Mueller,ACTIVE
Xavian Sorey Jr.,ACTIVE
Xavier Carlton,ACTIVE
Xavier Crawford,ACTIVE
Xavier Gipson,ACTIVE
Xavier Grimble,ACTIVE
Xavier Guillory,ACTIVE
Xavier Henderson,ACTIVE
Xavier Holmes,ACTIVE
Xavier Hutchinson,ACTIVE
Xavier Johnson,ACTIVE
Xavier Jones,ACTIVE
Xavier Kelly,ACTIVE
Xavier Legette,INJURY_RESERVE
Xavier Loyd,ACTIVE
Xavier McKinney,ACTIVE
Xavier Nwankpa,ACTIVE
Xavier Restrepo,ACTIVE
Xavier Rhodes,ACTIVE
Xavier Smith,ACTIVE
Xavier Su'a-Filo,ACTIVE
Xavier Thomas,QUESTIONABLE
Xavier Watts,ACTIVE
Xavier Weaver,QUESTIONABLE
Xavier White,ACTIVE
Xavier Williams,QUESTIONABLE
Xavier Woods,ACTIVE
Xavier Worthy,ACTIVE
Xazavian Valladay,ACTIVE
Yahya Black,ACTIVE
Yannick Ngakoue,ACTIVE
Yasir Abdullah,OUT
Yasir Holmes,ACTIVE
Yaya Diaby,ACTIVE
Yetur Gross-Matos,ACTIVE
Younghoe Koo,ACTIVE
Yusuf Corker,ACTIVE
Yvandy Rigby,ACTIVE
Za'Darius Smith,QUESTIONABLE
Zac Dawe,ACTIVE
Zac Kerin,ACTIVE
Zacch Pickens,ACTIVE
Zach Allen,ACTIVE
Zach Charbonnet,OUT
Zach Cunningham,QUESTIONABLE
Zach Davidson,ACTIVE
Zach Durfee,INJURY_RESERVE
Zach Ertz,ACTIVE
Zach Evans,ACTIVE
Zach Gentry,ACTIVE
Zach Harrison,ACTIVE
Zach Heins,ACTIVE
Zach Horton,ACTIVE
Zach Kerr,ACTIVE
Zach McCloud,ACTIVE
Zach Morton,ACTIVE
Zach Ojile,ACTIVE
Zach Pascal,ACTIVE
Zach Sieler,ACTIVE
Zach Triner,ACTIVE
Zach VanValkenburg,ACTIVE
Zach Von Rosenberg,ACTIVE
Zach Wilson,ACTIVE
Zach Wood,INJURY_RESERVE
Zachariah Branch,ACTIVE
Zachary Carter,INJURY_RESERVE
Zachary Orr,OUT
Zack Annexstad,ACTIVE
Zack Baun,QUESTIONABLE
Zack Kuntz,ACTIVE
Zack Moss,QUESTIONABLE
Zah Frazier,ACTIVE
Zaire Barnes,ACTIVE
Zaire Franklin,ACTIVE
Zaire Mitchell-Paden,ACTIVE
Zak DeOssie,ACTIVE
Zakee Wheatley,ACTIVE
Zakhari Franklin,ACTIVE
Zakoby McClain,ACTIVE
Zamari Walton,ACTIVE
Zamir White,ACTIVE
Zander Horvath,ACTIVE
Zane Durant,INJURY_RESERVE
Zane Gonzalez,QUESTIONABLE
Zane Lewis,ACTIVE
ZaQuandre White,ACTIVE
Zaven Collins,ACTIVE
Zavier Scott,ACTIVE
Zavion Thomas,ACTIVE
Zay Flowers,QUESTIONABLE
Zay Jones,ACTIVE
Zay Malone,ACTIVE
Zayne Anderson,ACTIVE
Zeandae Johnson,ACTIVE
Zech McPhearson,QUESTIONABLE
Zeek Biggers,ACTIVE
Zelmar Vedder,ACTIVE
Zemaiah Vaughn,ACTIVE
Zimari Manning,ACTIVE
Zion Bowens,ACTIVE
Zion Childress,ACTIVE
Zion Logue,ACTIVE
Zion Washington,ACTIVE
Zion Wilson,ACTIVE
Zion Young,ACTIVE
Zxavian Harris,ACTIVE
Zy Alexander,ACTIVE
Zyon Gilbert,ACTIVE
Zyon McCollum,ACTIVE
